Mobile Phone Name,Offer Price,Mobile Phone Link
"SAMSUNG Galaxy S25 Ultra 5G (Titanium Whitesilver, 512 GB)","1,29,999",https://www.flipkart.com/samsung-galaxy-s25-ultra-5g-titanium-whitesilver-512-gb/p/itm28d4275302a07?pid=MOBH8K8URFQT737M&lid=LSTMOBH8K8URFQT737MZHYHWJ&marketplace=FLIPKART&store=tyy%2F4io&srno=b_1_1&otracker=browse&fm=organic&iid=en_xweKj-eOFTNBKMFyDJkkvxPM78HgcKyW655qy0dNBVz6IL2DADSpaT82IyWFdv06vN7KCxpZkL1RXeZOcio-tPUFjCTyOHoHZs-Z5_PS_w0%3D&ppt=None&ppn=None&ssid=xqjh923adc0000001738755676340
"SAMSUNG Galaxy S25 5G (Icyblue, 256 GB)","? 80,999",https://www.flipkart.com/samsung-galaxy-s25-5g-icyblue-256-gb/p/itm859ebd4b08d31?pid=MOBH8K8UA9ZHYYXG&lid=LSTMOBH8K8UA9ZHYYXGQKCNAJ&marketplace=FLIPKART&store=tyy%2F4io&srno=b_1_2&otracker=browse&fm=organic&iid=en_xweKj-eOFTNBKMFyDJkkvxPM78HgcKyW655qy0dNBVwrwf1YXl8UnDn_6acRuqV88nHwBpqowma01gal_-hDDg%3D%3D&ppt=None&ppn=None&ssid=xqjh923adc0000001738755676340
"POCO C75 5G (Aqua Bliss, 64 GB)","? 7,999",https://www.flipkart.com/poco-c75-5g-aqua-bliss-64-gb/p/itm10b3f6f1bc616?pid=MOBH7443MMBCWPPG&lid=LSTMOBH7443MMBCWPPGVOR2LC&marketplace=FLIPKART&store=tyy%2F4io&srno=b_1_3&otracker=browse&fm=organic&iid=f6ec057f-48a5-4cda-81e2-b35ade533561.MOBH7443MMBCWPPG.SEARCH&ppt=None&ppn=None&ssid=xqjh923adc0000001738755676340
"MOTOROLA g05 (Forest Green, 64 GB)","? 6,999",https://www.flipkart.com/motorola-g05-forest-green-64-gb/p/itme5ed06a5943b9?pid=MOBH5F3Q2SGMAFHR&lid=LSTMOBH5F3Q2SGMAFHR6YHZS0&marketplace=FLIPKART&store=tyy%2F4io&srno=b_1_4&otracker=browse&fm=organic&iid=f6ec057f-48a5-4cda-81e2-b35ade533561.MOBH5F3Q2SGMAFHR.SEARCH&ppt=None&ppn=None&ssid=xqjh923adc0000001738755676340
"Motorola Edge 50 Fusion (Marshmallow Blue, 128 GB)","? 22,999",https://www.flipkart.com/motorola-edge-50-fusion-marshmallow-blue-128-gb/p/itmf88eea5799a27?pid=MOBGXTYZEZSZQE7W&lid=LSTMOBGXTYZEZSZQE7WIBXLBI&marketplace=FLIPKART&store=tyy%2F4io&srno=b_1_5&otracker=browse&fm=organic&iid=f6ec057f-48a5-4cda-81e2-b35ade533561.MOBGXTYZEZSZQE7W.SEARCH&ppt=None&ppn=None&ssid=xqjh923adc0000001738755676340
"SAMSUNG Galaxy S25 5G (Silver Shadow, 256 GB)","? 80,999",https://www.flipkart.com/samsung-galaxy-s25-5g-silver-shadow-256-gb/p/itmab25415a98d9f?pid=MOBH8K8UH9XHPVGQ&lid=LSTMOBH8K8UH9XHPVGQEUE4JY&marketplace=FLIPKART&store=tyy%2F4io&srno=b_1_6&otracker=browse&fm=organic&iid=en_xweKj-eOFTNBKMFyDJkkvxPM78HgcKyW655qy0dNBVw3J2ijTXlmGl7miItiBmBU3FHfyR5giFEDv23d8sT8j04IsYyWu-Pj9cxFjFAoaLk%3D&ppt=None&ppn=None&ssid=xqjh923adc0000001738755676340
"Motorola G85 5G (Viva Magenta, 128 GB)","? 17,999",https://www.flipkart.com/motorola-g85-5g-viva-magenta-128-gb/p/itme67cc98574a7f?pid=MOBH35ZQFGVJFJ3W&lid=LSTMOBH35ZQFGVJFJ3WA8SV9M&marketplace=FLIPKART&store=tyy%2F4io&srno=b_1_7&otracker=browse&fm=organic&iid=f6ec057f-48a5-4cda-81e2-b35ade533561.MOBH35ZQFGVJFJ3W.SEARCH&ppt=None&ppn=None&ssid=xqjh923adc0000001738755676340
"Motorola Edge 50 Fusion (Hot Pink, 256 GB)","? 24,999",https://www.flipkart.com/motorola-edge-50-fusion-hot-pink-256-gb/p/itmfee7de3c2e095?pid=MOBGXTYZZBUPYFEC&lid=LSTMOBGXTYZZBUPYFECU3ECBQ&marketplace=FLIPKART&store=tyy%2F4io&srno=b_1_8&otracker=browse&fm=organic&iid=f6ec057f-48a5-4cda-81e2-b35ade533561.MOBGXTYZZBUPYFEC.SEARCH&ppt=None&ppn=None&ssid=xqjh923adc0000001738755676340
"Motorola G85 5G (Olive Green, 256 GB)","? 19,999",https://www.flipkart.com/motorola-g85-5g-olive-green-256-gb/p/itm1c4b849213a0e?pid=MOBHY9PQ7B5GYJRX&lid=LSTMOBHY9PQ7B5GYJRXZQFQGK&marketplace=FLIPKART&store=tyy%2F4io&srno=b_1_9&otracker=browse&fm=organic&iid=f6ec057f-48a5-4cda-81e2-b35ade533561.MOBHY9PQ7B5GYJRX.SEARCH&ppt=None&ppn=None&ssid=xqjh923adc0000001738755676340
"Motorola G85 5G (Olive Green, 128 GB)","? 17,999",https://www.flipkart.com/motorola-g85-5g-olive-green-128-gb/p/itm1c4b849213a0e?pid=MOBHY9PQMNCMDVCD&lid=LSTMOBHY9PQMNCMDVCDI6UUHQ&marketplace=FLIPKART&store=tyy%2F4io&srno=b_1_10&otracker=browse&fm=organic&iid=f6ec057f-48a5-4cda-81e2-b35ade533561.MOBHY9PQMNCMDVCD.SEARCH&ppt=None&ppn=None&ssid=xqjh923adc0000001738755676340
"SAMSUNG Galaxy S25 Ultra 5G (Titanium Black, 512 GB)","? 1,29,999",https://www.flipkart.com/samsung-galaxy-s25-ultra-5g-titanium-black-512-gb/p/itm09d676ceb930d?pid=MOBH8K8UZPUKTTXK&lid=LSTMOBH8K8UZPUKTTXKDDLTOJ&marketplace=FLIPKART&store=tyy%2F4io&srno=b_1_11&otracker=browse&fm=organic&iid=en_xweKj-eOFTNBKMFyDJkkvxPM78HgcKyW655qy0dNBVw0VATfLn8nap2cN0a7Hxo2I-72U8TIXwLVOO0bnNViRIQEIsITtCzc4bHaOMTqL08%3D&ppt=None&ppn=None&ssid=xqjh923adc0000001738755676340
"SAMSUNG Galaxy S25 5G (Mint, 256 GB)","? 80,999",https://www.flipkart.com/samsung-galaxy-s25-5g-mint-256-gb/p/itm2196514814ed7?pid=MOBH8K8UQ5RYGUPF&lid=LSTMOBH8K8UQ5RYGUPFAUX9LE&marketplace=FLIPKART&store=tyy%2F4io&srno=b_1_12&otracker=browse&fm=organic&iid=en_xweKj-eOFTNBKMFyDJkkvxPM78HgcKyW655qy0dNBVxQM3dVsK3jkDeUAXSS_TtJs7iW1Nnu8zg45BzK5tn0M0Ksf8s6I2Oz2HOgbXTo_9U%3D&ppt=None&ppn=None&ssid=xqjh923adc0000001738755676340
"CMF by Nothing Phone 1 (Black, 128 GB)","? 14,999",https://www.flipkart.com/cmf-nothing-phone-1-black-128-gb/p/itmeef68c7ce70bf?pid=MOBHYBQTGGEGGA2B&lid=LSTMOBHYBQTGGEGGA2BCRTZZY&marketplace=FLIPKART&store=tyy%2F4io&srno=b_1_13&otracker=browse&fm=organic&iid=f6ec057f-48a5-4cda-81e2-b35ade533561.MOBHYBQTGGEGGA2B.SEARCH&ppt=None&ppn=None&ssid=xqjh923adc0000001738755676340
"Motorola Edge 50 Fusion (Marshmallow Blue, 256 GB)","? 24,999",https://www.flipkart.com/motorola-edge-50-fusion-marshmallow-blue-256-gb/p/itmf88eea5799a27?pid=MOBGXTYZBAS4VM8K&lid=LSTMOBGXTYZBAS4VM8KX6T7CM&marketplace=FLIPKART&store=tyy%2F4io&srno=b_1_14&otracker=browse&fm=organic&iid=f6ec057f-48a5-4cda-81e2-b35ade533561.MOBGXTYZBAS4VM8K.SEARCH&ppt=None&ppn=None&ssid=xqjh923adc0000001738755676340
"Motorola G85 5G (Cobalt Blue, 256 GB)","? 19,999",https://www.flipkart.com/motorola-g85-5g-cobalt-blue-256-gb/p/itm3c5fb4da1bfe6?pid=MOBHY9PQX72GHDRN&lid=LSTMOBHY9PQX72GHDRNAASJKM&marketplace=FLIPKART&store=tyy%2F4io&srno=b_1_15&otracker=browse&fm=organic&iid=f6ec057f-48a5-4cda-81e2-b35ade533561.MOBHY9PQX72GHDRN.SEARCH&ppt=None&ppn=None&ssid=xqjh923adc0000001738755676340
"Motorola Edge 50 Fusion (Forest Blue, 256 GB)","? 24,999",https://www.flipkart.com/motorola-edge-50-fusion-forest-blue-256-gb/p/itm32aa01db0debf?pid=MOBGXTYZZEW8GZE6&lid=LSTMOBGXTYZZEW8GZE6FYRQA2&marketplace=FLIPKART&store=tyy%2F4io&srno=b_1_16&otracker=browse&fm=organic&iid=f6ec057f-48a5-4cda-81e2-b35ade533561.MOBGXTYZZEW8GZE6.SEARCH&ppt=None&ppn=None&ssid=xqjh923adc0000001738755676340
"SAMSUNG Galaxy S25 Ultra 5G (Titanium Gray, 512 GB)","? 1,29,999",https://www.flipkart.com/samsung-galaxy-s25-ultra-5g-titanium-gray-512-gb/p/itmc267de29a3b0b?pid=MOBH8K8U2FZXCP2R&lid=LSTMOBH8K8U2FZXCP2R0C4UGD&marketplace=FLIPKART&store=tyy%2F4io&srno=b_1_17&otracker=browse&fm=organic&iid=en_xweKj-eOFTNBKMFyDJkkvxPM78HgcKyW655qy0dNBVxj8SPsMhwcr7xbOd6uXzjT_P9ZnB-q9iESL_XnOmzY6uo15S0a61Wzzbg3qNOknKY%3D&ppt=None&ppn=None&ssid=xqjh923adc0000001738755676340
"SAMSUNG Galaxy S25 Ultra 5G (Titanium Silverblue, 512 GB)","? 1,29,999",https://www.flipkart.com/samsung-galaxy-s25-ultra-5g-titanium-silverblue-512-gb/p/itm7d0e1ef71672e?pid=MOBH8K8UVQCSQE3Z&lid=LSTMOBH8K8UVQCSQE3Z5XVS59&marketplace=FLIPKART&store=tyy%2F4io&srno=b_1_18&otracker=browse&fm=organic&iid=en_xweKj-eOFTNBKMFyDJkkvxPM78HgcKyW655qy0dNBVz-DJZ5ICiC410WARn0P9_YCyPYGYfTHAXl-_xrUTXhJkhz9c-MSIoFe8xMxkfU6dM%3D&ppt=None&ppn=None&ssid=xqjh923adc0000001738755676340
"Motorola Edge 50 Fusion (Forest Green, 256 GB)","? 24,999",https://www.flipkart.com/motorola-edge-50-fusion-forest-green-256-gb/p/itm44a2f982e2d64?pid=MOBHYVFV3RNAGXF6&lid=LSTMOBHYVFV3RNAGXF6WU7HJD&marketplace=FLIPKART&store=tyy%2F4io&srno=b_1_19&otracker=browse&fm=organic&iid=f6ec057f-48a5-4cda-81e2-b35ade533561.MOBHYVFV3RNAGXF6.SEARCH&ppt=None&ppn=None&ssid=xqjh923adc0000001738755676340
"MOTOROLA g35 5G (Leaf Green, 128 GB)","? 9,999",https://www.flipkart.com/motorola-g35-5g-leaf-green-128-gb/p/itma3ca32cc93927?pid=MOBH3YGPQHRSNQED&lid=LSTMOBH3YGPQHRSNQEDLDGOMQ&marketplace=FLIPKART&store=tyy%2F4io&srno=b_1_20&otracker=browse&fm=organic&iid=f6ec057f-48a5-4cda-81e2-b35ade533561.MOBH3YGPQHRSNQED.SEARCH&ppt=None&ppn=None&ssid=xqjh923adc0000001738755676340
"SAMSUNG Galaxy S25 Plus 5G (Navy, 512 GB)","? 99,999",https://www.flipkart.com/samsung-galaxy-s25-plus-5g-navy-512-gb/p/itm88c024d0e31d2?pid=MOBH8K8U246X3MQN&lid=LSTMOBH8K8U246X3MQNF3SC3L&marketplace=FLIPKART&store=tyy%2F4io&srno=b_1_21&otracker=browse&fm=organic&iid=en_xweKj-eOFTNBKMFyDJkkvxPM78HgcKyW655qy0dNBVxB3YKLrhksapOIiMaukijnHAl60UQbEpM-LIzgr76TT4nfEY2D5bWfIUmTlXs_oiU%3D&ppt=None&ppn=None&ssid=xqjh923adc0000001738755676340
"Motorola Edge 50 Fusion (Forest Blue, 128 GB)","? 22,999",https://www.flipkart.com/motorola-edge-50-fusion-forest-blue-128-gb/p/itm32aa01db0debf?pid=MOBGXTYZMJK85GFG&lid=LSTMOBGXTYZMJK85GFGDBLBYG&marketplace=FLIPKART&store=tyy%2F4io&srno=b_1_22&otracker=browse&fm=organic&iid=f6ec057f-48a5-4cda-81e2-b35ade533561.MOBGXTYZMJK85GFG.SEARCH&ppt=None&ppn=None&ssid=xqjh923adc0000001738755676340
"MOTOROLA g35 5G (Midnight Black, 128 GB)","? 9,999",https://www.flipkart.com/motorola-g35-5g-midnight-black-128-gb/p/itm015cbd184b0eb?pid=MOBH3YGPTSA4SZQF&lid=LSTMOBH3YGPTSA4SZQF0KIKVP&marketplace=FLIPKART&store=tyy%2F4io&srno=b_1_23&otracker=browse&fm=organic&iid=f6ec057f-48a5-4cda-81e2-b35ade533561.MOBH3YGPTSA4SZQF.SEARCH&ppt=None&ppn=None&ssid=xqjh923adc0000001738755676340
"Motorola Edge 50 Fusion (Hot Pink, 128 GB)","? 22,999",https://www.flipkart.com/motorola-edge-50-fusion-hot-pink-128-gb/p/itmfee7de3c2e095?pid=MOBGXTYZCQSXJPC2&lid=LSTMOBGXTYZCQSXJPC2BPJMUL&marketplace=FLIPKART&store=tyy%2F4io&srno=b_1_24&otracker=browse&fm=organic&iid=f6ec057f-48a5-4cda-81e2-b35ade533561.MOBGXTYZCQSXJPC2.SEARCH&ppt=None&ppn=None&ssid=xqjh923adc0000001738755676340
"SAMSUNG Galaxy S25 5G (Icyblue, 256 GB)","? 80,999",https://www.flipkart.com/samsung-galaxy-s25-5g-icyblue-256-gb/p/itm859ebd4b08d31?pid=MOBH8K8UA9ZHYYXG&lid=LSTMOBH8K8UA9ZHYYXGQKCNAJ&marketplace=FLIPKART&store=tyy%2F4io&srno=b_2_25&otracker=browse&fm=organic&iid=en_cURbBDPiemIjdLGZIXMbYXxSIaiuRwlWYowNnFBnf7W0GKQcYKNjvz5U45Moitq6SjKqiVmQf7L6yWpPooIZ4w%3D%3D&ppt=None&ppn=None&ssid=z7rx1boka80000001738755676959
"MOTOROLA g05 (Plum Red, 64 GB)","? 6,999",https://www.flipkart.com/motorola-g05-plum-red-64-gb/p/itm87af8109384d4?pid=MOBH5F3QKFHEGBFS&lid=LSTMOBH5F3QKFHEGBFSYF5LHW&marketplace=FLIPKART&store=tyy%2F4io&srno=b_2_26&otracker=browse&fm=organic&iid=f08c88ff-48bc-45f4-bd68-1ae1656bc811.MOBH5F3QKFHEGBFS.SEARCH&ppt=None&ppn=None&ssid=z7rx1boka80000001738755676959
"SAMSUNG Galaxy S25 Ultra 5G (Titanium Whitesilver, 512 GB)","? 1,29,999",https://www.flipkart.com/samsung-galaxy-s25-ultra-5g-titanium-whitesilver-512-gb/p/itm28d4275302a07?pid=MOBH8K8URFQT737M&lid=LSTMOBH8K8URFQT737MZHYHWJ&marketplace=FLIPKART&store=tyy%2F4io&srno=b_2_27&otracker=browse&fm=organic&iid=en_cURbBDPiemIjdLGZIXMbYXxSIaiuRwlWYowNnFBnf7Xla8y9Uk_8uPI--_Q7sJAh0H6L6xPBVfCssG0mIB5Q9fUFjCTyOHoHZs-Z5_PS_w0%3D&ppt=None&ppn=None&ssid=z7rx1boka80000001738755676959
"SAMSUNG Galaxy S25 5G (Silver Shadow, 256 GB)","? 80,999",https://www.flipkart.com/samsung-galaxy-s25-5g-silver-shadow-256-gb/p/itmab25415a98d9f?pid=MOBH8K8UH9XHPVGQ&lid=LSTMOBH8K8UH9XHPVGQEUE4JY&marketplace=FLIPKART&store=tyy%2F4io&srno=b_2_28&otracker=browse&fm=organic&iid=en_cURbBDPiemIjdLGZIXMbYXxSIaiuRwlWYowNnFBnf7XaB4gcURWYY9eJyCg5Q67B7z5YVscqT93mfKOhjr1S6A%3D%3D&ppt=None&ppn=None&ssid=z7rx1boka80000001738755676959
"realme P1 5G (Phoenix Red, 128 GB)","? 13,999",https://www.flipkart.com/realme-p1-5g-phoenix-red-128-gb/p/itmae4447062b5b5?pid=MOBGYQ6BXSENZRV3&lid=LSTMOBGYQ6BXSENZRV3XKXGCB&marketplace=FLIPKART&store=tyy%2F4io&srno=b_2_29&otracker=browse&fm=organic&iid=f08c88ff-48bc-45f4-bd68-1ae1656bc811.MOBGYQ6BXSENZRV3.SEARCH&ppt=None&ppn=None&ssid=z7rx1boka80000001738755676959
"realme 14 Pro 5G (Jaipur Pink, 128 GB)","? 24,999",https://www.flipkart.com/realme-14-pro-5g-jaipur-pink-128-gb/p/itm654c5269620d2?pid=MOBH84ZXDEGQ7XUF&lid=LSTMOBH84ZXDEGQ7XUFK5JGC2&marketplace=FLIPKART&store=tyy%2F4io&srno=b_2_30&otracker=browse&fm=organic&iid=f08c88ff-48bc-45f4-bd68-1ae1656bc811.MOBH84ZXDEGQ7XUF.SEARCH&ppt=None&ppn=None&ssid=z7rx1boka80000001738755676959
"SAMSUNG Galaxy S25 Ultra 5G (Titanium Black, 512 GB)","? 1,29,999",https://www.flipkart.com/samsung-galaxy-s25-ultra-5g-titanium-black-512-gb/p/itm09d676ceb930d?pid=MOBH8K8UZPUKTTXK&lid=LSTMOBH8K8UZPUKTTXKDDLTOJ&marketplace=FLIPKART&store=tyy%2F4io&srno=b_2_31&otracker=browse&fm=organic&iid=en_cURbBDPiemIjdLGZIXMbYXxSIaiuRwlWYowNnFBnf7XhzdgevVBsNgDz3L9iRCfVbZPpQcR8kOB5eigl1rzWTw%3D%3D&ppt=None&ppn=None&ssid=z7rx1boka80000001738755676959
"SAMSUNG Galaxy S25 5G (Mint, 256 GB)","? 80,999",https://www.flipkart.com/samsung-galaxy-s25-5g-mint-256-gb/p/itm2196514814ed7?pid=MOBH8K8UQ5RYGUPF&lid=LSTMOBH8K8UQ5RYGUPFAUX9LE&marketplace=FLIPKART&store=tyy%2F4io&srno=b_2_32&otracker=browse&fm=organic&iid=en_cURbBDPiemIjdLGZIXMbYXxSIaiuRwlWYowNnFBnf7WvJLdFhNs11Uex8GUgohARMr-tI5QXDbYWVO4kXDm9Qw%3D%3D&ppt=None&ppn=None&ssid=z7rx1boka80000001738755676959
"Motorola G85 5G (Cobalt Blue, 128 GB)","? 17,999",https://www.flipkart.com/motorola-g85-5g-cobalt-blue-128-gb/p/itm3c5fb4da1bfe6?pid=MOBHY9PQ7FGZKVDK&lid=LSTMOBHY9PQ7FGZKVDK4B1TIW&marketplace=FLIPKART&store=tyy%2F4io&srno=b_2_33&otracker=browse&fm=organic&iid=f08c88ff-48bc-45f4-bd68-1ae1656bc811.MOBHY9PQ7FGZKVDK.SEARCH&ppt=None&ppn=None&ssid=z7rx1boka80000001738755676959
"CMF by Nothing Phone 1 (Black, 128 GB)","? 16,999",https://www.flipkart.com/cmf-nothing-phone-1-black-128-gb/p/itmeef68c7ce70bf?pid=MOBHYBQTSE9EKVBT&lid=LSTMOBHYBQTSE9EKVBT5UGTRK&marketplace=FLIPKART&store=tyy%2F4io&srno=b_2_34&otracker=browse&fm=organic&iid=f08c88ff-48bc-45f4-bd68-1ae1656bc811.MOBHYBQTSE9EKVBT.SEARCH&ppt=None&ppn=None&ssid=z7rx1boka80000001738755676959
"SAMSUNG Galaxy S25 Ultra 5G (Titanium Gray, 512 GB)","? 1,29,999",https://www.flipkart.com/samsung-galaxy-s25-ultra-5g-titanium-gray-512-gb/p/itmc267de29a3b0b?pid=MOBH8K8U2FZXCP2R&lid=LSTMOBH8K8U2FZXCP2R0C4UGD&marketplace=FLIPKART&store=tyy%2F4io&srno=b_2_35&otracker=browse&fm=organic&iid=en_cURbBDPiemIjdLGZIXMbYXxSIaiuRwlWYowNnFBnf7WyhCbZFt7Wy40s9KAEDMkNX23v3aPt9gBHaZc4RkOtHQ%3D%3D&ppt=None&ppn=None&ssid=z7rx1boka80000001738755676959
"Motorola g64 5G (Ice Lilac, 128 GB)","? 14,999",https://www.flipkart.com/motorola-g64-5g-ice-lilac-128-gb/p/itm36e3ccb6c9dee?pid=MOBGY2JUZHAXQ8ZG&lid=LSTMOBGY2JUZHAXQ8ZGKQ5SOK&marketplace=FLIPKART&store=tyy%2F4io&srno=b_2_36&otracker=browse&fm=organic&iid=f08c88ff-48bc-45f4-bd68-1ae1656bc811.MOBGY2JUZHAXQ8ZG.SEARCH&ppt=None&ppn=None&ssid=z7rx1boka80000001738755676959
"SAMSUNG Galaxy S25 Ultra 5G (Titanium Silverblue, 512 GB)","? 1,29,999",https://www.flipkart.com/samsung-galaxy-s25-ultra-5g-titanium-silverblue-512-gb/p/itm7d0e1ef71672e?pid=MOBH8K8UVQCSQE3Z&lid=LSTMOBH8K8UVQCSQE3Z5XVS59&marketplace=FLIPKART&store=tyy%2F4io&srno=b_2_37&otracker=browse&fm=organic&iid=en_cURbBDPiemIjdLGZIXMbYXxSIaiuRwlWYowNnFBnf7XJtuGC7rDPinnM85csHeAqMp9pxExcnsOESPKZHfplwA%3D%3D&ppt=None&ppn=None&ssid=z7rx1boka80000001738755676959
"SAMSUNG Galaxy S25 Plus 5G (Navy, 512 GB)","? 99,999",https://www.flipkart.com/samsung-galaxy-s25-plus-5g-navy-512-gb/p/itm88c024d0e31d2?pid=MOBH8K8U246X3MQN&lid=LSTMOBH8K8U246X3MQNF3SC3L&marketplace=FLIPKART&store=tyy%2F4io&srno=b_2_38&otracker=browse&fm=organic&iid=en_cURbBDPiemIjdLGZIXMbYXxSIaiuRwlWYowNnFBnf7W5QcrOR5-ot1VOtIL-gmLSlpEpPXDnMz4xV-pmccsqrQ%3D%3D&ppt=None&ppn=None&ssid=z7rx1boka80000001738755676959
"realme C63 5G Charger in the Box (Forest Green, 128 GB)","? 12,999",https://www.flipkart.com/realme-c63-5g-charger-box-forest-green-128-gb/p/itm10b8f5cccfadd?pid=MOBH3DZQ3GCQEYUC&lid=LSTMOBH3DZQ3GCQEYUCLNXQPP&marketplace=FLIPKART&store=tyy%2F4io&srno=b_2_39&otracker=browse&fm=organic&iid=f08c88ff-48bc-45f4-bd68-1ae1656bc811.MOBH3DZQ3GCQEYUC.SEARCH&ppt=None&ppn=None&ssid=z7rx1boka80000001738755676959
"realme C63 5G Charger in the Box (Forest Green, 128 GB)","? 11,999",https://www.flipkart.com/realme-c63-5g-charger-box-forest-green-128-gb/p/itm10b8f5cccfadd?pid=MOBH3DZQ4JE2GVAR&lid=LSTMOBH3DZQ4JE2GVARNDPH9F&marketplace=FLIPKART&store=tyy%2F4io&srno=b_2_40&otracker=browse&fm=organic&iid=f08c88ff-48bc-45f4-bd68-1ae1656bc811.MOBH3DZQ4JE2GVAR.SEARCH&ppt=None&ppn=None&ssid=z7rx1boka80000001738755676959
"CMF by Nothing Phone 1 (Blue, 128 GB)","? 14,999",https://www.flipkart.com/cmf-nothing-phone-1-blue-128-gb/p/itmeef68c7ce70bf?pid=MOBHYBQTMNNEFQMC&lid=LSTMOBHYBQTMNNEFQMCGO0C1P&marketplace=FLIPKART&store=tyy%2F4io&srno=b_2_41&otracker=browse&fm=organic&iid=f08c88ff-48bc-45f4-bd68-1ae1656bc811.MOBHYBQTMNNEFQMC.SEARCH&ppt=None&ppn=None&ssid=z7rx1boka80000001738755676959
"realme C63 5G Charger in the Box (Starry Gold, 128 GB)","? 12,999",https://www.flipkart.com/realme-c63-5g-charger-box-starry-gold-128-gb/p/itm10b8f5cccfadd?pid=MOBH3DZQHRGWZHTY&lid=LSTMOBH3DZQHRGWZHTYV8DX0D&marketplace=FLIPKART&store=tyy%2F4io&srno=b_2_42&otracker=browse&fm=organic&iid=f08c88ff-48bc-45f4-bd68-1ae1656bc811.MOBH3DZQHRGWZHTY.SEARCH&ppt=None&ppn=None&ssid=z7rx1boka80000001738755676959
"Motorola G85 5G (Viva Magenta, 256 GB)","? 19,999",https://www.flipkart.com/motorola-g85-5g-viva-magenta-256-gb/p/itme67cc98574a7f?pid=MOBH35ZQGDH68XAJ&lid=LSTMOBH35ZQGDH68XAJHFV9YO&marketplace=FLIPKART&store=tyy%2F4io&srno=b_2_43&otracker=browse&fm=organic&iid=f08c88ff-48bc-45f4-bd68-1ae1656bc811.MOBH35ZQGDH68XAJ.SEARCH&ppt=None&ppn=None&ssid=z7rx1boka80000001738755676959
"realme C63 5G Charger in the Box (Starry Gold, 128 GB)","? 11,999",https://www.flipkart.com/realme-c63-5g-charger-box-starry-gold-128-gb/p/itm10b8f5cccfadd?pid=MOBH3DZQ9G3WGQYY&lid=LSTMOBH3DZQ9G3WGQYYMHSNLX&marketplace=FLIPKART&store=tyy%2F4io&srno=b_2_44&otracker=browse&fm=organic&iid=f08c88ff-48bc-45f4-bd68-1ae1656bc811.MOBH3DZQ9G3WGQYY.SEARCH&ppt=None&ppn=None&ssid=z7rx1boka80000001738755676959
"OnePlus Nord CE 3 Lite 5G (Pastel Lime, 128 GB)","? 15,583",https://www.flipkart.com/oneplus-nord-ce-3-lite-5g-pastel-lime-128-gb/p/itm2cd5a4e659035?pid=MOBGZJ3WM5SGTGVZ&lid=LSTMOBGZJ3WM5SGTGVZKIFVYT&marketplace=FLIPKART&store=tyy%2F4io&srno=b_2_45&otracker=browse&fm=organic&iid=f08c88ff-48bc-45f4-bd68-1ae1656bc811.MOBGZJ3WM5SGTGVZ.SEARCH&ppt=None&ppn=None&ssid=z7rx1boka80000001738755676959
"vivo T3 Lite 5G (Vibrant Green, 128 GB)","? 11,499",https://www.flipkart.com/vivo-t3-lite-5g-vibrant-green-128-gb/p/itm977c89a44d373?pid=MOBHFTYBA6V3RVZE&lid=LSTMOBHFTYBA6V3RVZEGQ7SZ8&marketplace=FLIPKART&store=tyy%2F4io&spotlightTagId=BestsellerId_tyy%2F4io&srno=b_2_46&otracker=browse&fm=organic&iid=f08c88ff-48bc-45f4-bd68-1ae1656bc811.MOBHFTYBA6V3RVZE.SEARCH&ppt=None&ppn=None&ssid=z7rx1boka80000001738755676959
"POCO X6 Neo 5G (Astral Black, 128 GB)","? 11,999",https://www.flipkart.com/poco-x6-neo-5g-astral-black-128-gb/p/itm46b7f88d952f6?pid=MOBGYQ6BDAJN2UZU&lid=LSTMOBGYQ6BDAJN2UZU8LSOTN&marketplace=FLIPKART&store=tyy%2F4io&srno=b_2_47&otracker=browse&fm=organic&iid=f08c88ff-48bc-45f4-bd68-1ae1656bc811.MOBGYQ6BDAJN2UZU.SEARCH&ppt=None&ppn=None&ssid=z7rx1boka80000001738755676959
"IQOO Z9 Lite 5G (?Aqua Flow, 128 GB)","? 10,460",https://www.flipkart.com/iqoo-z9-lite-5g-aqua-flow-128-gb/p/itm33918a61f0bb6?pid=MOBH2Y9Y48RMQ7GC&lid=LSTMOBH2Y9Y48RMQ7GC9WG62O&marketplace=FLIPKART&store=tyy%2F4io&srno=b_2_48&otracker=browse&fm=organic&iid=f08c88ff-48bc-45f4-bd68-1ae1656bc811.MOBH2Y9Y48RMQ7GC.SEARCH&ppt=None&ppn=None&ssid=z7rx1boka80000001738755676959
"MOTOROLA g35 5G (Guava Red, 128 GB)","? 9,999",https://www.flipkart.com/motorola-g35-5g-guava-red-128-gb/p/itm39bba58f6cdfc?pid=MOBH3YGPWZZB9ZZK&lid=LSTMOBH3YGPWZZB9ZZKFWIZWR&marketplace=FLIPKART&store=tyy%2F4io&srno=b_3_49&otracker=browse&fm=organic&iid=52ff4978-2241-49ce-9e7f-43deb5b6b396.MOBH3YGPWZZB9ZZK.SEARCH&ppt=None&ppn=None&ssid=roo2qtp7mo0000001738755677524
"POCO C75 5G (Enchanted Green, 64 GB)","? 7,999",https://www.flipkart.com/poco-c75-5g-enchanted-green-64-gb/p/itmf8fdd88f80fcc?pid=MOBH7443VEGWXG4G&lid=LSTMOBH7443VEGWXG4GOW118G&marketplace=FLIPKART&store=tyy%2F4io&srno=b_3_50&otracker=browse&fm=organic&iid=52ff4978-2241-49ce-9e7f-43deb5b6b396.MOBH7443VEGWXG4G.SEARCH&ppt=None&ppn=None&ssid=roo2qtp7mo0000001738755677524
"SAMSUNG Galaxy S25 5G (Icyblue, 256 GB)","? 80,999",https://www.flipkart.com/samsung-galaxy-s25-5g-icyblue-256-gb/p/itm859ebd4b08d31?pid=MOBH8K8UA9ZHYYXG&lid=LSTMOBH8K8UA9ZHYYXGQKCNAJ&marketplace=FLIPKART&store=tyy%2F4io&srno=b_3_51&otracker=browse&fm=organic&iid=en_a7XyYbepsgB-Dw0NVJH1h5Y1Z1-1kE-f3jVBkQa3V86ND9px04cojcz9lc43BCmVSjKqiVmQf7L6yWpPooIZ4w%3D%3D&ppt=None&ppn=None&ssid=roo2qtp7mo0000001738755677524
"SAMSUNG Galaxy S25 Ultra 5G (Titanium Whitesilver, 512 GB)","? 1,29,999",https://www.flipkart.com/samsung-galaxy-s25-ultra-5g-titanium-whitesilver-512-gb/p/itm28d4275302a07?pid=MOBH8K8URFQT737M&lid=LSTMOBH8K8URFQT737MZHYHWJ&marketplace=FLIPKART&store=tyy%2F4io&srno=b_3_52&otracker=browse&fm=organic&iid=en_a7XyYbepsgB-Dw0NVJH1h5Y1Z1-1kE-f3jVBkQa3V87w-Yj9J_u7Acf_3rXiI80x0H6L6xPBVfCssG0mIB5Q9fUFjCTyOHoHZs-Z5_PS_w0%3D&ppt=None&ppn=None&ssid=roo2qtp7mo0000001738755677524
"Infinix Note 40 5G (Obsidian Black, 256 GB)","? 15,999",https://www.flipkart.com/infinix-note-40-5g-obsidian-black-256-gb/p/itm72c4c7b7d8834?pid=MOBHFZREFVXZYWEC&lid=LSTMOBHFZREFVXZYWECXJ8EJW&marketplace=FLIPKART&store=tyy%2F4io&srno=b_3_53&otracker=browse&fm=organic&iid=52ff4978-2241-49ce-9e7f-43deb5b6b396.MOBHFZREFVXZYWEC.SEARCH&ppt=None&ppn=None&ssid=roo2qtp7mo0000001738755677524
"Infinix Hot 50 5G (Dreamy Purple, 128 GB)","? 9,499",https://www.flipkart.com/infinix-hot-50-5g-dreamy-purple-128-gb/p/itm61d8bc127842c?pid=MOBH45GFK3ZKJXU4&lid=LSTMOBH45GFK3ZKJXU4PQL779&marketplace=FLIPKART&store=tyy%2F4io&srno=b_3_54&otracker=browse&fm=organic&iid=52ff4978-2241-49ce-9e7f-43deb5b6b396.MOBH45GFK3ZKJXU4.SEARCH&ppt=None&ppn=None&ssid=roo2qtp7mo0000001738755677524
"SAMSUNG Galaxy S25 5G (Silver Shadow, 256 GB)","? 80,999",https://www.flipkart.com/samsung-galaxy-s25-5g-silver-shadow-256-gb/p/itmab25415a98d9f?pid=MOBH8K8UH9XHPVGQ&lid=LSTMOBH8K8UH9XHPVGQEUE4JY&marketplace=FLIPKART&store=tyy%2F4io&srno=b_3_55&otracker=browse&fm=organic&iid=en_a7XyYbepsgB-Dw0NVJH1h5Y1Z1-1kE-f3jVBkQa3V84LBubHxasXcgODSYyHJL7W7z5YVscqT93mfKOhjr1S6A%3D%3D&ppt=None&ppn=None&ssid=roo2qtp7mo0000001738755677524
"POCO C75 5G (Silver Stardust, 64 GB)","? 7,999",https://www.flipkart.com/poco-c75-5g-silver-stardust-64-gb/p/itm8e3f17ac2e724?pid=MOBH74433ZER9U4P&lid=LSTMOBH74433ZER9U4PIUMZCQ&marketplace=FLIPKART&store=tyy%2F4io&srno=b_3_56&otracker=browse&fm=organic&iid=52ff4978-2241-49ce-9e7f-43deb5b6b396.MOBH74433ZER9U4P.SEARCH&ppt=None&ppn=None&ssid=roo2qtp7mo0000001738755677524
"SAMSUNG Galaxy S25 Ultra 5G (Titanium Black, 512 GB)","? 1,29,999",https://www.flipkart.com/samsung-galaxy-s25-ultra-5g-titanium-black-512-gb/p/itm09d676ceb930d?pid=MOBH8K8UZPUKTTXK&lid=LSTMOBH8K8UZPUKTTXKDDLTOJ&marketplace=FLIPKART&store=tyy%2F4io&srno=b_3_57&otracker=browse&fm=organic&iid=en_a7XyYbepsgB-Dw0NVJH1h5Y1Z1-1kE-f3jVBkQa3V87jjFHDUmuXNULb4FnlDnM3bZPpQcR8kOB5eigl1rzWTw%3D%3D&ppt=None&ppn=None&ssid=roo2qtp7mo0000001738755677524
"SAMSUNG Galaxy S25 5G (Mint, 256 GB)","? 80,999",https://www.flipkart.com/samsung-galaxy-s25-5g-mint-256-gb/p/itm2196514814ed7?pid=MOBH8K8UQ5RYGUPF&lid=LSTMOBH8K8UQ5RYGUPFAUX9LE&marketplace=FLIPKART&store=tyy%2F4io&srno=b_3_58&otracker=browse&fm=organic&iid=en_a7XyYbepsgB-Dw0NVJH1h5Y1Z1-1kE-f3jVBkQa3V87n8i5OF4hZxuUw4JotWjXVMr-tI5QXDbYWVO4kXDm9Qw%3D%3D&ppt=None&ppn=None&ssid=roo2qtp7mo0000001738755677524
"vivo T3 Pro 5G (Emerald Green, 128 GB)","? 22,999",https://www.flipkart.com/vivo-t3-pro-5g-emerald-green-128-gb/p/itmcf52c1fcffbf3?pid=MOBH3XHRHBUB7Y7U&lid=LSTMOBH3XHRHBUB7Y7U1LMK2U&marketplace=FLIPKART&store=tyy%2F4io&srno=b_3_59&otracker=browse&fm=organic&iid=52ff4978-2241-49ce-9e7f-43deb5b6b396.MOBH3XHRHBUB7Y7U.SEARCH&ppt=None&ppn=None&ssid=roo2qtp7mo0000001738755677524
"OnePlus 13R 5G (Nebula Noir, 256 GB)","? 40,970",https://www.flipkart.com/oneplus-13r-5g-nebula-noir-256-gb/p/itmff6561809fab8?pid=MOBH8EWQ6GUDHGFK&lid=LSTMOBH8EWQ6GUDHGFKPOJNAZ&marketplace=FLIPKART&store=tyy%2F4io&srno=b_3_60&otracker=browse&fm=organic&iid=52ff4978-2241-49ce-9e7f-43deb5b6b396.MOBH8EWQ6GUDHGFK.SEARCH&ppt=None&ppn=None&ssid=roo2qtp7mo0000001738755677524
"SAMSUNG Galaxy S25 Ultra 5G (Titanium Gray, 512 GB)","? 1,29,999",https://www.flipkart.com/samsung-galaxy-s25-ultra-5g-titanium-gray-512-gb/p/itmc267de29a3b0b?pid=MOBH8K8U2FZXCP2R&lid=LSTMOBH8K8U2FZXCP2R0C4UGD&marketplace=FLIPKART&store=tyy%2F4io&srno=b_3_61&otracker=browse&fm=organic&iid=en_a7XyYbepsgB-Dw0NVJH1h5Y1Z1-1kE-f3jVBkQa3V85aHjHrITtigBBioxcLkb8nX23v3aPt9gBHaZc4RkOtHQ%3D%3D&ppt=None&ppn=None&ssid=roo2qtp7mo0000001738755677524
"SAMSUNG Galaxy S25 Ultra 5G (Titanium Silverblue, 512 GB)","? 1,29,999",https://www.flipkart.com/samsung-galaxy-s25-ultra-5g-titanium-silverblue-512-gb/p/itm7d0e1ef71672e?pid=MOBH8K8UVQCSQE3Z&lid=LSTMOBH8K8UVQCSQE3Z5XVS59&marketplace=FLIPKART&store=tyy%2F4io&srno=b_3_62&otracker=browse&fm=organic&iid=en_a7XyYbepsgB-Dw0NVJH1h5Y1Z1-1kE-f3jVBkQa3V85KzHtVajM_ZZV8clQbO_b9Mp9pxExcnsOESPKZHfplwA%3D%3D&ppt=None&ppn=None&ssid=roo2qtp7mo0000001738755677524
"OPPO K12x 5G with 45W SUPERVOOC Charger In-The-Box (Midnight Violet, 128 GB)","? 12,999",https://www.flipkart.com/oppo-k12x-5g-45w-supervooc-charger-in-the-box-midnight-violet-128-gb/p/itma30cb38861d4c?pid=MOBH2Q4PGYYZDSRR&lid=LSTMOBH2Q4PGYYZDSRRJXREQR&marketplace=FLIPKART&store=tyy%2F4io&srno=b_3_63&otracker=browse&fm=organic&iid=52ff4978-2241-49ce-9e7f-43deb5b6b396.MOBH2Q4PGYYZDSRR.SEARCH&ppt=None&ppn=None&ssid=roo2qtp7mo0000001738755677524
"POCO M6 5G (Polaris Green, 64 GB)","? 8,499",https://www.flipkart.com/poco-m6-5g-polaris-green-64-gb/p/itm219e2e342aaeb?pid=MOBH2MFGSGNCBZHB&lid=LSTMOBH2MFGSGNCBZHBM5MN4J&marketplace=FLIPKART&store=tyy%2F4io&srno=b_3_64&otracker=browse&fm=organic&iid=52ff4978-2241-49ce-9e7f-43deb5b6b396.MOBH2MFGSGNCBZHB.SEARCH&ppt=None&ppn=None&ssid=roo2qtp7mo0000001738755677524
"SAMSUNG Galaxy S25 Plus 5G (Navy, 512 GB)","? 99,999",https://www.flipkart.com/samsung-galaxy-s25-plus-5g-navy-512-gb/p/itm88c024d0e31d2?pid=MOBH8K8U246X3MQN&lid=LSTMOBH8K8U246X3MQNF3SC3L&marketplace=FLIPKART&store=tyy%2F4io&srno=b_3_65&otracker=browse&fm=organic&iid=en_a7XyYbepsgB-Dw0NVJH1h5Y1Z1-1kE-f3jVBkQa3V85JRm3ZGzVBxFeII43sHuGAlpEpPXDnMz4xV-pmccsqrQ%3D%3D&ppt=None&ppn=None&ssid=roo2qtp7mo0000001738755677524
"POCO C61  - Locked with Airtel Prepaid (Diamond Dust Black, 64 GB)","? 5,399",https://www.flipkart.com/poco-c61-locked-airtel-prepaid-diamond-dust-black-64-gb/p/itmc290ff1ada57d?pid=MOBH2N3FTQQVDVFW&lid=LSTMOBH2N3FTQQVDVFW87IWWH&marketplace=FLIPKART&store=tyy%2F4io&srno=b_3_66&otracker=browse&fm=organic&iid=52ff4978-2241-49ce-9e7f-43deb5b6b396.MOBH2N3FTQQVDVFW.SEARCH&ppt=None&ppn=None&ssid=roo2qtp7mo0000001738755677524
"Infinix Note 40X 5G (Palm Blue, 256 GB)","? 13,999",https://www.flipkart.com/infinix-note-40x-5g-palm-blue-256-gb/p/itm9c39960257804?pid=MOBH34XGH9JGS3KM&lid=LSTMOBH34XGH9JGS3KMTLDOKR&marketplace=FLIPKART&store=tyy%2F4io&srno=b_3_67&otracker=browse&fm=organic&iid=52ff4978-2241-49ce-9e7f-43deb5b6b396.MOBH34XGH9JGS3KM.SEARCH&ppt=None&ppn=None&ssid=roo2qtp7mo0000001738755677524
"POCO M7 Pro 5G (Lavender Frost, 128 GB)","? 13,999",https://www.flipkart.com/poco-m7-pro-5g-lavender-frost-128-gb/p/itmf76d7942d780f?pid=MOBH7443JBKHRPGW&lid=LSTMOBH7443JBKHRPGWOC2RGL&marketplace=FLIPKART&store=tyy%2F4io&srno=b_3_68&otracker=browse&fm=organic&iid=52ff4978-2241-49ce-9e7f-43deb5b6b396.MOBH7443JBKHRPGW.SEARCH&ppt=None&ppn=None&ssid=roo2qtp7mo0000001738755677524
"vivo T3 Ultra (Frost Green, 128 GB)","? 29,999",https://www.flipkart.com/vivo-t3-ultra-frost-green-128-gb/p/itme360ff5b7dbab?pid=MOBH4EACPTFX6RNH&lid=LSTMOBH4EACPTFX6RNHWNMW9H&marketplace=FLIPKART&store=tyy%2F4io&srno=b_3_69&otracker=browse&fm=organic&iid=52ff4978-2241-49ce-9e7f-43deb5b6b396.MOBH4EACPTFX6RNH.SEARCH&ppt=None&ppn=None&ssid=roo2qtp7mo0000001738755677524
"OnePlus Nord CE4 (Celadon Marble, 128 GB)","? 21,419",https://www.flipkart.com/oneplus-nord-ce4-celadon-marble-128-gb/p/itm5a09089114afb?pid=MOBGZN8YJ4KZ2KNH&lid=LSTMOBGZN8YJ4KZ2KNHVV7C47&marketplace=FLIPKART&store=tyy%2F4io&srno=b_3_70&otracker=browse&fm=organic&iid=52ff4978-2241-49ce-9e7f-43deb5b6b396.MOBGZN8YJ4KZ2KNH.SEARCH&ppt=None&ppn=None&ssid=roo2qtp7mo0000001738755677524
"POCO M7 Pro 5G (Olive Twilight, 256 GB)","? 15,999",https://www.flipkart.com/poco-m7-pro-5g-olive-twilight-256-gb/p/itm1d88319131b56?pid=MOBH7443K2CR3WUG&lid=LSTMOBH7443K2CR3WUGVV0YHH&marketplace=FLIPKART&store=tyy%2F4io&srno=b_3_71&otracker=browse&fm=organic&iid=52ff4978-2241-49ce-9e7f-43deb5b6b396.MOBH7443K2CR3WUG.SEARCH&ppt=None&ppn=None&ssid=roo2qtp7mo0000001738755677524
"Motorola Edge 50 Pro 5G with 125W Charger (Luxe Lavender, 256 GB)","? 31,999",https://www.flipkart.com/motorola-edge-50-pro-5g-125w-charger-luxe-lavender-256-gb/p/itm3281f9ac32d1a?pid=MOBGXFXY2SBHGSVN&lid=LSTMOBGXFXY2SBHGSVNUNNNTJ&marketplace=FLIPKART&store=tyy%2F4io&srno=b_3_72&otracker=browse&fm=organic&iid=52ff4978-2241-49ce-9e7f-43deb5b6b396.MOBGXFXY2SBHGSVN.SEARCH&ppt=None&ppn=None&ssid=roo2qtp7mo0000001738755677524
"realme P1 5G (Phoenix Red, 128 GB)","? 14,999",https://www.flipkart.com/realme-p1-5g-phoenix-red-128-gb/p/itmae4447062b5b5?pid=MOBGZSU4BBYYMSEV&lid=LSTMOBGZSU4BBYYMSEVWN4KKA&marketplace=FLIPKART&store=tyy%2F4io&srno=b_4_73&otracker=browse&fm=organic&iid=69bb00c7-fa38-468a-8760-27dc23ab5f63.MOBGZSU4BBYYMSEV.SEARCH&ppt=None&ppn=None&ssid=ugx7gwm0o00000001738755678128
"Motorola Edge 50 Neo (PANTONE Latte, 256 GB)","? 20,999",https://www.flipkart.com/motorola-edge-50-neo-pantone-latte-256-gb/p/itm4cecc0a4796eb?pid=MOBHFHDRRCYFE7YJ&lid=LSTMOBHFHDRRCYFE7YJOXS042&marketplace=FLIPKART&store=tyy%2F4io&srno=b_4_74&otracker=browse&fm=organic&iid=69bb00c7-fa38-468a-8760-27dc23ab5f63.MOBHFHDRRCYFE7YJ.SEARCH&ppt=None&ppn=None&ssid=ugx7gwm0o00000001738755678128
"SAMSUNG Galaxy S25 5G (Icyblue, 256 GB)","? 80,999",https://www.flipkart.com/samsung-galaxy-s25-5g-icyblue-256-gb/p/itm859ebd4b08d31?pid=MOBH8K8UA9ZHYYXG&lid=LSTMOBH8K8UA9ZHYYXGQKCNAJ&marketplace=FLIPKART&store=tyy%2F4io&srno=b_4_75&otracker=browse&fm=organic&iid=en_Fb6qufxObjSBTI9FIihn9Urco6aMEMdO4WFwOTv0dSwIetEVb6VIuQHKzt9DY0XriQuIJB16fYy9_-sbkJY7M_UFjCTyOHoHZs-Z5_PS_w0%3D&ppt=None&ppn=None&ssid=ugx7gwm0o00000001738755678128
"Motorola g45 5G (Brilliant Blue, 128 GB)","? 10,999",https://www.flipkart.com/motorola-g45-5g-brilliant-blue-128-gb/p/itm1decbdd265f94?pid=MOBH3YKQQDZZ2WZH&lid=LSTMOBH3YKQQDZZ2WZHGOH35A&marketplace=FLIPKART&store=tyy%2F4io&srno=b_4_76&otracker=browse&fm=organic&iid=69bb00c7-fa38-468a-8760-27dc23ab5f63.MOBH3YKQQDZZ2WZH.SEARCH&ppt=None&ppn=None&ssid=ugx7gwm0o00000001738755678128
"SAMSUNG Galaxy S25 Ultra 5G (Titanium Whitesilver, 512 GB)","? 1,29,999",https://www.flipkart.com/samsung-galaxy-s25-ultra-5g-titanium-whitesilver-512-gb/p/itm28d4275302a07?pid=MOBH8K8URFQT737M&lid=LSTMOBH8K8URFQT737MZHYHWJ&marketplace=FLIPKART&store=tyy%2F4io&srno=b_4_77&otracker=browse&fm=organic&iid=en_Fb6qufxObjSBTI9FIihn9Urco6aMEMdO4WFwOTv0dSyxvzE4Y10q3weqEvatKp5p0H6L6xPBVfCssG0mIB5Q9fUFjCTyOHoHZs-Z5_PS_w0%3D&ppt=None&ppn=None&ssid=ugx7gwm0o00000001738755678128
"SAMSUNG Galaxy S25 5G (Silver Shadow, 256 GB)","? 80,999",https://www.flipkart.com/samsung-galaxy-s25-5g-silver-shadow-256-gb/p/itmab25415a98d9f?pid=MOBH8K8UH9XHPVGQ&lid=LSTMOBH8K8UH9XHPVGQEUE4JY&marketplace=FLIPKART&store=tyy%2F4io&srno=b_4_78&otracker=browse&fm=organic&iid=en_Fb6qufxObjSBTI9FIihn9Urco6aMEMdO4WFwOTv0dSwBaglI68CMZSFd569cvRlfTI5bUlFuMmION0DFNBpvv_UFjCTyOHoHZs-Z5_PS_w0%3D&ppt=None&ppn=None&ssid=ugx7gwm0o00000001738755678128
"Nothing Phone (2a) Plus (Grey, 256 GB)","? 26,999",https://www.flipkart.com/nothing-phone-2a-plus-grey-256-gb/p/itm0c99b11bfe22d?pid=MOBH322WYZVQDCY9&lid=LSTMOBH322WYZVQDCY9ELQMOO&marketplace=FLIPKART&store=tyy%2F4io&srno=b_4_79&otracker=browse&fm=organic&iid=69bb00c7-fa38-468a-8760-27dc23ab5f63.MOBH322WYZVQDCY9.SEARCH&ppt=None&ppn=None&ssid=ugx7gwm0o00000001738755678128
"Motorola g45 5G (Brilliant Green, 128 GB)","? 10,999",https://www.flipkart.com/motorola-g45-5g-brilliant-green-128-gb/p/itm156df63edff03?pid=MOBH3YKQ5VYSGB5E&lid=LSTMOBH3YKQ5VYSGB5ELSP5CG&marketplace=FLIPKART&store=tyy%2F4io&srno=b_4_80&otracker=browse&fm=organic&iid=69bb00c7-fa38-468a-8760-27dc23ab5f63.MOBH3YKQ5VYSGB5E.SEARCH&ppt=None&ppn=None&ssid=ugx7gwm0o00000001738755678128
"SAMSUNG Galaxy S25 Ultra 5G (Titanium Black, 512 GB)","? 1,29,999",https://www.flipkart.com/samsung-galaxy-s25-ultra-5g-titanium-black-512-gb/p/itm09d676ceb930d?pid=MOBH8K8UZPUKTTXK&lid=LSTMOBH8K8UZPUKTTXKDDLTOJ&marketplace=FLIPKART&store=tyy%2F4io&srno=b_4_81&otracker=browse&fm=organic&iid=en_Fb6qufxObjSBTI9FIihn9Urco6aMEMdO4WFwOTv0dSz9PIXfQT4my9f9iU7bvZpUI-8uMTA3K27VQ8IhDm_ZVPUFjCTyOHoHZs-Z5_PS_w0%3D&ppt=None&ppn=None&ssid=ugx7gwm0o00000001738755678128
"SAMSUNG Galaxy S25 5G (Mint, 256 GB)","? 80,999",https://www.flipkart.com/samsung-galaxy-s25-5g-mint-256-gb/p/itm2196514814ed7?pid=MOBH8K8UQ5RYGUPF&lid=LSTMOBH8K8UQ5RYGUPFAUX9LE&marketplace=FLIPKART&store=tyy%2F4io&srno=b_4_82&otracker=browse&fm=organic&iid=en_Fb6qufxObjSBTI9FIihn9Urco6aMEMdO4WFwOTv0dSw_5gTbmPjlgoOLyqEkvRI3Dvx8uZoPOkx3g2HVYDFUPfUFjCTyOHoHZs-Z5_PS_w0%3D&ppt=None&ppn=None&ssid=ugx7gwm0o00000001738755678128
"Motorola Edge 50 Neo (PANTONE Nautical Blue, 256 GB)","? 20,999",https://www.flipkart.com/motorola-edge-50-neo-pantone-nautical-blue-256-gb/p/itm94d3bb79258e9?pid=MOBHFHDRDDW9MKVG&lid=LSTMOBHFHDRDDW9MKVGZPCGUE&marketplace=FLIPKART&store=tyy%2F4io&srno=b_4_83&otracker=browse&fm=organic&iid=69bb00c7-fa38-468a-8760-27dc23ab5f63.MOBHFHDRDDW9MKVG.SEARCH&ppt=None&ppn=None&ssid=ugx7gwm0o00000001738755678128
"Motorola g64 5G (Pearl Blue, 128 GB)","? 14,999",https://www.flipkart.com/motorola-g64-5g-pearl-blue-128-gb/p/itm1e0225e79669e?pid=MOBGY2JU53P3KMG9&lid=LSTMOBGY2JU53P3KMG99UPJ4B&marketplace=FLIPKART&store=tyy%2F4io&srno=b_4_84&otracker=browse&fm=organic&iid=69bb00c7-fa38-468a-8760-27dc23ab5f63.MOBGY2JU53P3KMG9.SEARCH&ppt=None&ppn=None&ssid=ugx7gwm0o00000001738755678128
"SAMSUNG Galaxy S25 Ultra 5G (Titanium Silverblue, 512 GB)","? 1,29,999",https://www.flipkart.com/samsung-galaxy-s25-ultra-5g-titanium-silverblue-512-gb/p/itm7d0e1ef71672e?pid=MOBH8K8UVQCSQE3Z&lid=LSTMOBH8K8UVQCSQE3Z5XVS59&marketplace=FLIPKART&store=tyy%2F4io&srno=b_4_85&otracker=browse&fm=organic&iid=en_Fb6qufxObjSBTI9FIihn9Urco6aMEMdO4WFwOTv0dSyUtTWvj9mXCJl8MMDYdDyKQdGoABUJEqDvO5woqoaixfUFjCTyOHoHZs-Z5_PS_w0%3D&ppt=None&ppn=None&ssid=ugx7gwm0o00000001738755678128
"OnePlus Nord CE4 lite 5G (MEGA BLUE, 128 GB)","? 17,242",https://www.flipkart.com/oneplus-nord-ce4-lite-5g-mega-blue-128-gb/p/itm8fd5fdf300955?pid=MOBH25Z9CCTDDN3J&lid=LSTMOBH25Z9CCTDDN3JLAC1FQ&marketplace=FLIPKART&store=tyy%2F4io&srno=b_4_86&otracker=browse&fm=organic&iid=69bb00c7-fa38-468a-8760-27dc23ab5f63.MOBH25Z9CCTDDN3J.SEARCH&ppt=None&ppn=None&ssid=ugx7gwm0o00000001738755678128
"SAMSUNG Galaxy S25 Plus 5G (Navy, 512 GB)","? 99,999",https://www.flipkart.com/samsung-galaxy-s25-plus-5g-navy-512-gb/p/itm88c024d0e31d2?pid=MOBH8K8U246X3MQN&lid=LSTMOBH8K8U246X3MQNF3SC3L&marketplace=FLIPKART&store=tyy%2F4io&srno=b_4_87&otracker=browse&fm=organic&iid=en_Fb6qufxObjSBTI9FIihn9Urco6aMEMdO4WFwOTv0dSwDhPBXpGKaL7BZrzgh4KuZ00XtwS95ZiczXj-JEY-h-vUFjCTyOHoHZs-Z5_PS_w0%3D&ppt=None&ppn=None&ssid=ugx7gwm0o00000001738755678128
"SAMSUNG Galaxy A05 (Light Green, 128 GB)","? 8,975",https://www.flipkart.com/samsung-galaxy-a05-light-green-128-gb/p/itmf37d39ccf9aea?pid=MOBGTZ6W2WVQBGSB&lid=LSTMOBGTZ6W2WVQBGSBH68LSU&marketplace=FLIPKART&store=tyy%2F4io&srno=b_4_88&otracker=browse&fm=organic&iid=69bb00c7-fa38-468a-8760-27dc23ab5f63.MOBGTZ6W2WVQBGSB.SEARCH&ppt=None&ppn=None&ssid=ugx7gwm0o00000001738755678128
"realme Narzo N65 5G (Amber Gold, 128 GB)","? 10,779",https://www.flipkart.com/realme-narzo-n65-5g-amber-gold-128-gb/p/itm6378f5785d47b?pid=MOBHFFNQX3RPWFQF&lid=LSTMOBHFFNQX3RPWFQFBXRJJY&marketplace=FLIPKART&store=tyy%2F4io&srno=b_4_89&otracker=browse&fm=organic&iid=69bb00c7-fa38-468a-8760-27dc23ab5f63.MOBHFFNQX3RPWFQF.SEARCH&ppt=None&ppn=None&ssid=ugx7gwm0o00000001738755678128
"Motorola g45 5G (Pink Lavender, 128 GB)","? 12,999",https://www.flipkart.com/motorola-g45-5g-pink-lavender-128-gb/p/itm3aa166a12a3dd?pid=MOBH7YRVGHWQTSFK&lid=LSTMOBH7YRVGHWQTSFKJAMMRG&marketplace=FLIPKART&store=tyy%2F4io&srno=b_4_90&otracker=browse&fm=organic&iid=69bb00c7-fa38-468a-8760-27dc23ab5f63.MOBH7YRVGHWQTSFK.SEARCH&ppt=None&ppn=None&ssid=ugx7gwm0o00000001738755678128
"Motorola g64 5G (Ice Lilac, 256 GB)","? 16,999",https://www.flipkart.com/motorola-g64-5g-ice-lilac-256-gb/p/itm36e3ccb6c9dee?pid=MOBGY2JUGGJZJQNK&lid=LSTMOBGY2JUGGJZJQNKKF5P9H&marketplace=FLIPKART&store=tyy%2F4io&srno=b_4_91&otracker=browse&fm=organic&iid=69bb00c7-fa38-468a-8760-27dc23ab5f63.MOBGY2JUGGJZJQNK.SEARCH&ppt=None&ppn=None&ssid=ugx7gwm0o00000001738755678128
"Nokia 105 Single SIM, Keypad Mobile Phone with Wireless FM Radio","? 1,179",https://www.flipkart.com/nokia-105-single-sim-keypad-mobile-phone-wireless-fm-radio/p/itm1e2206f816463?pid=MOBGQFVG9WPRN3TH&lid=LSTMOBGQFVG9WPRN3THQXALSS&marketplace=FLIPKART&store=tyy%2F4io&srno=b_4_92&otracker=browse&fm=organic&iid=69bb00c7-fa38-468a-8760-27dc23ab5f63.MOBGQFVG9WPRN3TH.SEARCH&ppt=None&ppn=None&ssid=ugx7gwm0o00000001738755678128
"realme 14 Pro+ 5G (Bikaner Purple, 128 GB)","? 29,999",https://www.flipkart.com/realme-14-pro-5g-bikaner-purple-128-gb/p/itmb5105a70ea6a6?pid=MOBH84ZXAZYM8ZZP&lid=LSTMOBH84ZXAZYM8ZZPMSORPL&marketplace=FLIPKART&store=tyy%2F4io&srno=b_4_93&otracker=browse&fm=organic&iid=69bb00c7-fa38-468a-8760-27dc23ab5f63.MOBH84ZXAZYM8ZZP.SEARCH&ppt=None&ppn=None&ssid=ugx7gwm0o00000001738755678128
"realme P2 Pro 5G (Eagle Grey, 128 GB)","? 19,999",https://www.flipkart.com/realme-p2-pro-5g-eagle-grey-128-gb/p/itm53d39fff9f20c?pid=MOBH45GSVQYKK5ME&lid=LSTMOBH45GSVQYKK5MEKCU6EZ&marketplace=FLIPKART&store=tyy%2F4io&srno=b_4_94&otracker=browse&fm=organic&iid=69bb00c7-fa38-468a-8760-27dc23ab5f63.MOBH45GSVQYKK5ME.SEARCH&ppt=None&ppn=None&ssid=ugx7gwm0o00000001738755678128
"realme 12x 5G (Woodland Green, 128 GB)","? 13,499",https://www.flipkart.com/realme-12x-5g-woodland-green-128-gb/p/itmaa3401e5370b5?pid=MOBGYQ6B7WKC4SVZ&lid=LSTMOBGYQ6B7WKC4SVZNEZRW7&marketplace=FLIPKART&store=tyy%2F4io&srno=b_4_95&otracker=browse&fm=organic&iid=69bb00c7-fa38-468a-8760-27dc23ab5f63.MOBGYQ6B7WKC4SVZ.SEARCH&ppt=None&ppn=None&ssid=ugx7gwm0o00000001738755678128
"realme Narzo N65 5G (Deep Green, 128 GB)","? 10,761",https://www.flipkart.com/realme-narzo-n65-5g-deep-green-128-gb/p/itm6378f5785d47b?pid=MOBHFFNQ7YFHPNTZ&lid=LSTMOBHFFNQ7YFHPNTZTBW3WG&marketplace=FLIPKART&store=tyy%2F4io&srno=b_4_96&otracker=browse&fm=organic&iid=69bb00c7-fa38-468a-8760-27dc23ab5f63.MOBHFFNQ7YFHPNTZ.SEARCH&ppt=None&ppn=None&ssid=ugx7gwm0o00000001738755678128
"SAMSUNG Galaxy S25 5G (Navy, 256 GB)","? 80,999",https://www.flipkart.com/samsung-galaxy-s25-5g-navy-256-gb/p/itm88c024d0e31d2?pid=MOBH8K8U4ZPHSNKK&lid=LSTMOBH8K8U4ZPHSNKKGKHZNG&marketplace=FLIPKART&store=tyy%2F4io&srno=b_5_97&otracker=browse&fm=organic&iid=en_GbNfHdMRGydsFNBJM-NGTEJDozM37VuHHqu_3tUgCakYwNhZL4ur4ow7Erl3ud1Gv4-jfNqi3c96vdFkiyfUlvUFjCTyOHoHZs-Z5_PS_w0%3D&ppt=None&ppn=None&ssid=diqgsv4ag00000001738755678704
"SAMSUNG Galaxy S25 5G (Icyblue, 256 GB)","? 80,999",https://www.flipkart.com/samsung-galaxy-s25-5g-icyblue-256-gb/p/itm859ebd4b08d31?pid=MOBH8K8UA9ZHYYXG&lid=LSTMOBH8K8UA9ZHYYXGQKCNAJ&marketplace=FLIPKART&store=tyy%2F4io&srno=b_5_98&otracker=browse&fm=organic&iid=en_GbNfHdMRGydsFNBJM-NGTEJDozM37VuHHqu_3tUgCalbIbGEgdCKU3Y6eUdZhYMDUO1mEvZXg4ediFMkZgO2HfUFjCTyOHoHZs-Z5_PS_w0%3D&ppt=None&ppn=None&ssid=diqgsv4ag00000001738755678704
"realme P1 5G (Peacock Green, 128 GB)","? 13,999",https://www.flipkart.com/realme-p1-5g-peacock-green-128-gb/p/itmae4447062b5b5?pid=MOBGYQ6BEHHQ9H7X&lid=LSTMOBGYQ6BEHHQ9H7XUGYV7T&marketplace=FLIPKART&store=tyy%2F4io&srno=b_5_99&otracker=browse&fm=organic&iid=20fb532b-e9df-4d37-ae45-aa7c0cc2c431.MOBGYQ6BEHHQ9H7X.SEARCH&ppt=None&ppn=None&ssid=diqgsv4ag00000001738755678704
"Apple iPhone 16 Plus (Black, 512 GB)","? 1,14,900",https://www.flipkart.com/apple-iphone-16-plus-black-512-gb/p/itmb07d67f995271?pid=MOBH4DQFHDV8EADF&lid=LSTMOBH4DQFHDV8EADFREPBCT&marketplace=FLIPKART&store=tyy%2F4io&srno=b_5_100&otracker=browse&fm=organic&iid=20fb532b-e9df-4d37-ae45-aa7c0cc2c431.MOBH4DQFHDV8EADF.SEARCH&ppt=None&ppn=None&ssid=diqgsv4ag00000001738755678704
"SAMSUNG Galaxy S25 Ultra 5G (Titanium Whitesilver, 512 GB)","? 1,29,999",https://www.flipkart.com/samsung-galaxy-s25-ultra-5g-titanium-whitesilver-512-gb/p/itm28d4275302a07?pid=MOBH8K8URFQT737M&lid=LSTMOBH8K8URFQT737MZHYHWJ&marketplace=FLIPKART&store=tyy%2F4io&srno=b_5_101&otracker=browse&fm=organic&iid=en_GbNfHdMRGydsFNBJM-NGTEJDozM37VuHHqu_3tUgCamp5w6OoyfaEfT9kaxxh8N9gG5AraqULYr9O4lJhQ6o_PUFjCTyOHoHZs-Z5_PS_w0%3D&ppt=None&ppn=None&ssid=diqgsv4ag00000001738755678704
"SAMSUNG Galaxy S25 5G (Silver Shadow, 256 GB)","? 80,999",https://www.flipkart.com/samsung-galaxy-s25-5g-silver-shadow-256-gb/p/itmab25415a98d9f?pid=MOBH8K8UH9XHPVGQ&lid=LSTMOBH8K8UH9XHPVGQEUE4JY&marketplace=FLIPKART&store=tyy%2F4io&srno=b_5_102&otracker=browse&fm=organic&iid=en_GbNfHdMRGydsFNBJM-NGTEJDozM37VuHHqu_3tUgCalUQryTJQ1B_So_wmXSpdIjMYxuXD3mMsdUfiq9Do6_D_UFjCTyOHoHZs-Z5_PS_w0%3D&ppt=None&ppn=None&ssid=diqgsv4ag00000001738755678704
"Apple iPhone 16 Plus (Teal, 512 GB)","? 1,14,900",https://www.flipkart.com/apple-iphone-16-plus-teal-512-gb/p/itmce4bb3f55cc2f?pid=MOBH4DQF2BHPSXF5&lid=LSTMOBH4DQF2BHPSXF54WRBCP&marketplace=FLIPKART&store=tyy%2F4io&srno=b_5_103&otracker=browse&fm=organic&iid=20fb532b-e9df-4d37-ae45-aa7c0cc2c431.MOBH4DQF2BHPSXF5.SEARCH&ppt=None&ppn=None&ssid=diqgsv4ag00000001738755678704
"MOTOROLA g35 5G (Guava Red, 128 GB)","? 9,999",https://www.flipkart.com/motorola-g35-5g-guava-red-128-gb/p/itm39bba58f6cdfc?pid=MOBH3YGPWZZB9ZZK&lid=LSTMOBH3YGPWZZB9ZZKFWIZWR&marketplace=FLIPKART&store=tyy%2F4io&srno=b_5_104&otracker=browse&fm=organic&iid=20fb532b-e9df-4d37-ae45-aa7c0cc2c431.MOBH3YGPWZZB9ZZK.SEARCH&ppt=None&ppn=None&ssid=diqgsv4ag00000001738755678704
"SAMSUNG Galaxy S25 Ultra 5G (Titanium Black, 512 GB)","? 1,29,999",https://www.flipkart.com/samsung-galaxy-s25-ultra-5g-titanium-black-512-gb/p/itm09d676ceb930d?pid=MOBH8K8UZPUKTTXK&lid=LSTMOBH8K8UZPUKTTXKDDLTOJ&marketplace=FLIPKART&store=tyy%2F4io&srno=b_5_105&otracker=browse&fm=organic&iid=en_GbNfHdMRGydsFNBJM-NGTEJDozM37VuHHqu_3tUgCam9ovCflWjznblUQh__0ialUl6w-7EmSB5ZPI8Z5dGmb_UFjCTyOHoHZs-Z5_PS_w0%3D&ppt=None&ppn=None&ssid=diqgsv4ag00000001738755678704
"Infinix Note 40X 5G (Starlit Black, 256 GB)","? 13,999",https://www.flipkart.com/infinix-note-40x-5g-starlit-black-256-gb/p/itm9c39960257804?pid=MOBH34XGJUTK8GJA&lid=LSTMOBH34XGJUTK8GJAFIWAEI&marketplace=FLIPKART&store=tyy%2F4io&srno=b_5_106&otracker=browse&fm=organic&iid=20fb532b-e9df-4d37-ae45-aa7c0cc2c431.MOBH34XGJUTK8GJA.SEARCH&ppt=None&ppn=None&ssid=diqgsv4ag00000001738755678704
"SAMSUNG Galaxy S25 5G (Mint, 256 GB)","? 80,999",https://www.flipkart.com/samsung-galaxy-s25-5g-mint-256-gb/p/itm2196514814ed7?pid=MOBH8K8UQ5RYGUPF&lid=LSTMOBH8K8UQ5RYGUPFAUX9LE&marketplace=FLIPKART&store=tyy%2F4io&srno=b_5_107&otracker=browse&fm=organic&iid=en_GbNfHdMRGydsFNBJM-NGTEJDozM37VuHHqu_3tUgCal-oEsN_1R2B2UiuFYut0hOZlNDKXqJH2li10h5Bn8qe_UFjCTyOHoHZs-Z5_PS_w0%3D&ppt=None&ppn=None&ssid=diqgsv4ag00000001738755678704
"SAMSUNG Galaxy S25 Ultra 5G (Titanium Silverblue, 512 GB)","? 1,29,999",https://www.flipkart.com/samsung-galaxy-s25-ultra-5g-titanium-silverblue-512-gb/p/itm7d0e1ef71672e?pid=MOBH8K8UVQCSQE3Z&lid=LSTMOBH8K8UVQCSQE3Z5XVS59&marketplace=FLIPKART&store=tyy%2F4io&srno=b_5_108&otracker=browse&fm=organic&iid=en_GbNfHdMRGydsFNBJM-NGTEJDozM37VuHHqu_3tUgCalz4sysMGMqc7o1uqNyen4GlSrPLcndwrYQ1z7-nwI8rvUFjCTyOHoHZs-Z5_PS_w0%3D&ppt=None&ppn=None&ssid=diqgsv4ag00000001738755678704
"Apple iPhone 16 Plus (Ultramarine, 256 GB)","? 94,900",https://www.flipkart.com/apple-iphone-16-plus-ultramarine-256-gb/p/itmcc210cae43fba?pid=MOBH4DQFZXQGRWHH&lid=LSTMOBH4DQFZXQGRWHHAHK02A&marketplace=FLIPKART&store=tyy%2F4io&srno=b_5_109&otracker=browse&fm=organic&iid=20fb532b-e9df-4d37-ae45-aa7c0cc2c431.MOBH4DQFZXQGRWHH.SEARCH&ppt=None&ppn=None&ssid=diqgsv4ag00000001738755678704
"realme C63 5G Charger in the Box (Starry Gold, 128 GB)","? 12,999",https://www.flipkart.com/realme-c63-5g-charger-box-starry-gold-128-gb/p/itm10b8f5cccfadd?pid=MOBH3DZQHRGWZHTY&lid=LSTMOBH3DZQHRGWZHTYV8DX0D&marketplace=FLIPKART&store=tyy%2F4io&srno=b_5_110&otracker=browse&fm=organic&iid=20fb532b-e9df-4d37-ae45-aa7c0cc2c431.MOBH3DZQHRGWZHTY.SEARCH&ppt=None&ppn=None&ssid=diqgsv4ag00000001738755678704
"realme P1 5G (Phoenix Red, 128 GB)","? 13,999",https://www.flipkart.com/realme-p1-5g-phoenix-red-128-gb/p/itmae4447062b5b5?pid=MOBGYQ6BXSENZRV3&lid=LSTMOBGYQ6BXSENZRV3XKXGCB&marketplace=FLIPKART&store=tyy%2F4io&srno=b_5_111&otracker=browse&fm=organic&iid=20fb532b-e9df-4d37-ae45-aa7c0cc2c431.MOBGYQ6BXSENZRV3.SEARCH&ppt=None&ppn=None&ssid=diqgsv4ag00000001738755678704
"realme C63 5G Charger in the Box (Forest Green, 128 GB)","? 12,999",https://www.flipkart.com/realme-c63-5g-charger-box-forest-green-128-gb/p/itm10b8f5cccfadd?pid=MOBH3DZQ3GCQEYUC&lid=LSTMOBH3DZQ3GCQEYUCLNXQPP&marketplace=FLIPKART&store=tyy%2F4io&srno=b_5_112&otracker=browse&fm=organic&iid=20fb532b-e9df-4d37-ae45-aa7c0cc2c431.MOBH3DZQ3GCQEYUC.SEARCH&ppt=None&ppn=None&ssid=diqgsv4ag00000001738755678704
"Motorola Edge 50 Neo (PANTONE Poinciana, 256 GB)","? 20,999",https://www.flipkart.com/motorola-edge-50-neo-pantone-poinciana-256-gb/p/itm1b6c43661a1fc?pid=MOBHFHDRZJP6FHPZ&lid=LSTMOBHFHDRZJP6FHPZ0HNLSP&marketplace=FLIPKART&store=tyy%2F4io&srno=b_5_113&otracker=browse&fm=organic&iid=20fb532b-e9df-4d37-ae45-aa7c0cc2c431.MOBHFHDRZJP6FHPZ.SEARCH&ppt=None&ppn=None&ssid=diqgsv4ag00000001738755678704
"Apple iPhone 16 Plus (Teal, 256 GB)","? 94,900",https://www.flipkart.com/apple-iphone-16-plus-teal-256-gb/p/itmce4bb3f55cc2f?pid=MOBH4DQFASMZ3YKT&lid=LSTMOBH4DQFASMZ3YKT62NU5X&marketplace=FLIPKART&store=tyy%2F4io&srno=b_5_114&otracker=browse&fm=organic&iid=20fb532b-e9df-4d37-ae45-aa7c0cc2c431.MOBH4DQFASMZ3YKT.SEARCH&ppt=None&ppn=None&ssid=diqgsv4ag00000001738755678704
"Motorola g64 5G (Pearl Blue, 128 GB)","? 14,999",https://www.flipkart.com/motorola-g64-5g-pearl-blue-128-gb/p/itm1e0225e79669e?pid=MOBGY2JU53P3KMG9&lid=LSTMOBGY2JU53P3KMG99UPJ4B&marketplace=FLIPKART&store=tyy%2F4io&srno=b_5_115&otracker=browse&fm=organic&iid=20fb532b-e9df-4d37-ae45-aa7c0cc2c431.MOBGY2JU53P3KMG9.SEARCH&ppt=None&ppn=None&ssid=diqgsv4ag00000001738755678704
"Apple iPhone 16 Plus (Ultramarine, 128 GB)","? 84,900",https://www.flipkart.com/apple-iphone-16-plus-ultramarine-128-gb/p/itmcc210cae43fba?pid=MOBH4DQFKZDYZNWX&lid=LSTMOBH4DQFKZDYZNWXWFOFLY&marketplace=FLIPKART&store=tyy%2F4io&srno=b_5_116&otracker=browse&fm=organic&iid=20fb532b-e9df-4d37-ae45-aa7c0cc2c431.MOBH4DQFKZDYZNWX.SEARCH&ppt=None&ppn=None&ssid=diqgsv4ag00000001738755678704
"Apple iPhone 16 (Ultramarine, 256 GB)","? 84,900",https://www.flipkart.com/apple-iphone-16-ultramarine-256-gb/p/itmcc210cae43fba?pid=MOBH4DQFMGE7UC8Q&lid=LSTMOBH4DQFMGE7UC8QXZXA8M&marketplace=FLIPKART&store=tyy%2F4io&srno=b_5_117&otracker=browse&fm=organic&iid=20fb532b-e9df-4d37-ae45-aa7c0cc2c431.MOBH4DQFMGE7UC8Q.SEARCH&ppt=None&ppn=None&ssid=diqgsv4ag00000001738755678704
"Motorola Edge 50 Neo (PANTONE Latte, 256 GB)","? 20,999",https://www.flipkart.com/motorola-edge-50-neo-pantone-latte-256-gb/p/itm4cecc0a4796eb?pid=MOBHFHDRRCYFE7YJ&lid=LSTMOBHFHDRRCYFE7YJOXS042&marketplace=FLIPKART&store=tyy%2F4io&srno=b_5_118&otracker=browse&fm=organic&iid=20fb532b-e9df-4d37-ae45-aa7c0cc2c431.MOBHFHDRRCYFE7YJ.SEARCH&ppt=None&ppn=None&ssid=diqgsv4ag00000001738755678704
"realme Narzo N61 (Marble Black, 128 GB)","? 8,995",https://www.flipkart.com/realme-narzo-n61-marble-black-128-gb/p/itm0ffee8689770b?pid=MOBH39BERXYVH4UK&lid=LSTMOBH39BERXYVH4UKKIUMQD&marketplace=FLIPKART&store=tyy%2F4io&srno=b_5_119&otracker=browse&fm=organic&iid=20fb532b-e9df-4d37-ae45-aa7c0cc2c431.MOBH39BERXYVH4UK.SEARCH&ppt=None&ppn=None&ssid=diqgsv4ag00000001738755678704
"Infinix Note 40X 5G (Starlit Black, 256 GB)","? 12,999",https://www.flipkart.com/infinix-note-40x-5g-starlit-black-256-gb/p/itm9c39960257804?pid=MOBH34XGVMTD5BQW&lid=LSTMOBH34XGVMTD5BQWMA0ZIM&marketplace=FLIPKART&store=tyy%2F4io&srno=b_5_120&otracker=browse&fm=organic&iid=20fb532b-e9df-4d37-ae45-aa7c0cc2c431.MOBH34XGVMTD5BQW.SEARCH&ppt=None&ppn=None&ssid=diqgsv4ag00000001738755678704
"SAMSUNG Galaxy S25 5G (Icyblue, 256 GB)","? 80,999",https://www.flipkart.com/samsung-galaxy-s25-5g-icyblue-256-gb/p/itm859ebd4b08d31?pid=MOBH8K8UA9ZHYYXG&lid=LSTMOBH8K8UA9ZHYYXGQKCNAJ&marketplace=FLIPKART&store=tyy%2F4io&srno=b_6_121&otracker=browse&fm=organic&iid=en_iOhKhgFVadqK7f1Ahoei_MV-vXlIyTUbtvpqKpUc5IgLtDyxzO3GZShz0GBSf2veiQuIJB16fYy9_-sbkJY7M_UFjCTyOHoHZs-Z5_PS_w0%3D&ppt=None&ppn=None&ssid=9vnonbv8ao0000001738755679334
"SAMSUNG Galaxy S25 Ultra 5G (Titanium Whitesilver, 512 GB)","? 1,29,999",https://www.flipkart.com/samsung-galaxy-s25-ultra-5g-titanium-whitesilver-512-gb/p/itm28d4275302a07?pid=MOBH8K8URFQT737M&lid=LSTMOBH8K8URFQT737MZHYHWJ&marketplace=FLIPKART&store=tyy%2F4io&srno=b_6_122&otracker=browse&fm=organic&iid=en_iOhKhgFVadqK7f1Ahoei_MV-vXlIyTUbtvpqKpUc5Iil_UXMrTNAxLLVMtHG0Yzg0H6L6xPBVfCssG0mIB5Q9fUFjCTyOHoHZs-Z5_PS_w0%3D&ppt=None&ppn=None&ssid=9vnonbv8ao0000001738755679334
"Motorola Edge 50 Neo (PANTONE Poinciana, 256 GB)","? 20,999",https://www.flipkart.com/motorola-edge-50-neo-pantone-poinciana-256-gb/p/itm1b6c43661a1fc?pid=MOBHFHDRZJP6FHPZ&lid=LSTMOBHFHDRZJP6FHPZ0HNLSP&marketplace=FLIPKART&store=tyy%2F4io&srno=b_6_123&otracker=browse&fm=organic&iid=4aaceb14-8425-481e-b1b7-94791a5cdb11.MOBHFHDRZJP6FHPZ.SEARCH&ppt=None&ppn=None&ssid=9vnonbv8ao0000001738755679334
"Infinix Note 40X 5G (Starlit Black, 256 GB)","? 13,999",https://www.flipkart.com/infinix-note-40x-5g-starlit-black-256-gb/p/itm9c39960257804?pid=MOBH34XGJUTK8GJA&lid=LSTMOBH34XGJUTK8GJAFIWAEI&marketplace=FLIPKART&store=tyy%2F4io&srno=b_6_124&otracker=browse&fm=organic&iid=4aaceb14-8425-481e-b1b7-94791a5cdb11.MOBH34XGJUTK8GJA.SEARCH&ppt=None&ppn=None&ssid=9vnonbv8ao0000001738755679334
"SAMSUNG Galaxy S25 5G (Silver Shadow, 256 GB)","? 80,999",https://www.flipkart.com/samsung-galaxy-s25-5g-silver-shadow-256-gb/p/itmab25415a98d9f?pid=MOBH8K8UH9XHPVGQ&lid=LSTMOBH8K8UH9XHPVGQEUE4JY&marketplace=FLIPKART&store=tyy%2F4io&srno=b_6_125&otracker=browse&fm=organic&iid=en_iOhKhgFVadqK7f1Ahoei_MV-vXlIyTUbtvpqKpUc5Igqc5EA3y4S-bvhBixs8-G5TI5bUlFuMmION0DFNBpvv_UFjCTyOHoHZs-Z5_PS_w0%3D&ppt=None&ppn=None&ssid=9vnonbv8ao0000001738755679334
"Apple iPhone 15 (Black, 128 GB)","? 59,999",https://www.flipkart.com/apple-iphone-15-black-128-gb/p/itm6ac6485515ae4?pid=MOBGTAGPTB3VS24W&lid=LSTMOBGTAGPTB3VS24WKFODHL&marketplace=FLIPKART&store=tyy%2F4io&srno=b_6_126&otracker=browse&fm=organic&iid=4aaceb14-8425-481e-b1b7-94791a5cdb11.MOBGTAGPTB3VS24W.SEARCH&ppt=None&ppn=None&ssid=9vnonbv8ao0000001738755679334
"SAMSUNG Galaxy S25 Ultra 5G (Titanium Black, 512 GB)","? 1,29,999",https://www.flipkart.com/samsung-galaxy-s25-ultra-5g-titanium-black-512-gb/p/itm09d676ceb930d?pid=MOBH8K8UZPUKTTXK&lid=LSTMOBH8K8UZPUKTTXKDDLTOJ&marketplace=FLIPKART&store=tyy%2F4io&srno=b_6_127&otracker=browse&fm=organic&iid=en_iOhKhgFVadqK7f1Ahoei_MV-vXlIyTUbtvpqKpUc5Igm8DoXdwhhcgOxSpClucIcI-8uMTA3K27VQ8IhDm_ZVPUFjCTyOHoHZs-Z5_PS_w0%3D&ppt=None&ppn=None&ssid=9vnonbv8ao0000001738755679334
"SAMSUNG Galaxy S25 5G (Mint, 256 GB)","? 80,999",https://www.flipkart.com/samsung-galaxy-s25-5g-mint-256-gb/p/itm2196514814ed7?pid=MOBH8K8UQ5RYGUPF&lid=LSTMOBH8K8UQ5RYGUPFAUX9LE&marketplace=FLIPKART&store=tyy%2F4io&srno=b_6_128&otracker=browse&fm=organic&iid=en_iOhKhgFVadqK7f1Ahoei_MV-vXlIyTUbtvpqKpUc5Ii37VO2AmZtk9ccYjKX_iUHDvx8uZoPOkx3g2HVYDFUPfUFjCTyOHoHZs-Z5_PS_w0%3D&ppt=None&ppn=None&ssid=9vnonbv8ao0000001738755679334
"realme C63 5G Charger in the Box (Forest Green, 128 GB)","? 11,999",https://www.flipkart.com/realme-c63-5g-charger-box-forest-green-128-gb/p/itm10b8f5cccfadd?pid=MOBH3DZQ4JE2GVAR&lid=LSTMOBH3DZQ4JE2GVARNDPH9F&marketplace=FLIPKART&store=tyy%2F4io&srno=b_6_129&otracker=browse&fm=organic&iid=4aaceb14-8425-481e-b1b7-94791a5cdb11.MOBH3DZQ4JE2GVAR.SEARCH&ppt=None&ppn=None&ssid=9vnonbv8ao0000001738755679334
"realme P1 5G (Phoenix Red, 128 GB)","? 14,999",https://www.flipkart.com/realme-p1-5g-phoenix-red-128-gb/p/itmae4447062b5b5?pid=MOBGZSU4BBYYMSEV&lid=LSTMOBGZSU4BBYYMSEVWN4KKA&marketplace=FLIPKART&store=tyy%2F4io&srno=b_6_130&otracker=browse&fm=organic&iid=4aaceb14-8425-481e-b1b7-94791a5cdb11.MOBGZSU4BBYYMSEV.SEARCH&ppt=None&ppn=None&ssid=9vnonbv8ao0000001738755679334
"SAMSUNG Galaxy S25 Ultra 5G (Titanium Silverblue, 512 GB)","? 1,29,999",https://www.flipkart.com/samsung-galaxy-s25-ultra-5g-titanium-silverblue-512-gb/p/itm7d0e1ef71672e?pid=MOBH8K8UVQCSQE3Z&lid=LSTMOBH8K8UVQCSQE3Z5XVS59&marketplace=FLIPKART&store=tyy%2F4io&srno=b_6_131&otracker=browse&fm=organic&iid=en_iOhKhgFVadqK7f1Ahoei_MV-vXlIyTUbtvpqKpUc5IiZmRV3ybJHQwPYXvT8UUB0QdGoABUJEqDvO5woqoaixfUFjCTyOHoHZs-Z5_PS_w0%3D&ppt=None&ppn=None&ssid=9vnonbv8ao0000001738755679334
"SAMSUNG Galaxy S25 Plus 5G (Navy, 512 GB)","? 99,999",https://www.flipkart.com/samsung-galaxy-s25-plus-5g-navy-512-gb/p/itm88c024d0e31d2?pid=MOBH8K8U246X3MQN&lid=LSTMOBH8K8U246X3MQNF3SC3L&marketplace=FLIPKART&store=tyy%2F4io&srno=b_6_132&otracker=browse&fm=organic&iid=en_iOhKhgFVadqK7f1Ahoei_MV-vXlIyTUbtvpqKpUc5IiHWYrIkiyoGPN_TIbuAWFy00XtwS95ZiczXj-JEY-h-vUFjCTyOHoHZs-Z5_PS_w0%3D&ppt=None&ppn=None&ssid=9vnonbv8ao0000001738755679334
"realme C61 (Safari Green, 64 GB)","? 7,699",https://www.flipkart.com/realme-c61-safari-green-64-gb/p/itmd6ddbcefce040?pid=MOBHFRKRF6ZHBFTW&lid=LSTMOBHFRKRF6ZHBFTW09ES8B&marketplace=FLIPKART&store=tyy%2F4io&srno=b_6_133&otracker=browse&fm=organic&iid=4aaceb14-8425-481e-b1b7-94791a5cdb11.MOBHFRKRF6ZHBFTW.SEARCH&ppt=None&ppn=None&ssid=9vnonbv8ao0000001738755679334
"Infinix Note 40X 5G (Starlit Black, 256 GB)","? 12,999",https://www.flipkart.com/infinix-note-40x-5g-starlit-black-256-gb/p/itm9c39960257804?pid=MOBH34XGVMTD5BQW&lid=LSTMOBH34XGVMTD5BQWMA0ZIM&marketplace=FLIPKART&store=tyy%2F4io&srno=b_6_134&otracker=browse&fm=organic&iid=4aaceb14-8425-481e-b1b7-94791a5cdb11.MOBH34XGVMTD5BQW.SEARCH&ppt=None&ppn=None&ssid=9vnonbv8ao0000001738755679334
"Motorola g64 5G (Berry Red, 256 GB)","? 16,999",https://www.flipkart.com/motorola-g64-5g-berry-red-256-gb/p/itmb96614e89f514?pid=MOBH35Z74ZMRYPFT&lid=LSTMOBH35Z74ZMRYPFTPQI9UZ&marketplace=FLIPKART&store=tyy%2F4io&srno=b_6_135&otracker=browse&fm=organic&iid=4aaceb14-8425-481e-b1b7-94791a5cdb11.MOBH35Z74ZMRYPFT.SEARCH&ppt=None&ppn=None&ssid=9vnonbv8ao0000001738755679334
"POCO C61 (Diamond Dust Black, 64 GB)","? 5,999",https://www.flipkart.com/poco-c61-diamond-dust-black-64-gb/p/itm4c226215208eb?pid=MOBGYQ6BEZEUPFN6&lid=LSTMOBGYQ6BEZEUPFN6A7DDZ0&marketplace=FLIPKART&store=tyy%2F4io&srno=b_6_136&otracker=browse&fm=organic&iid=4aaceb14-8425-481e-b1b7-94791a5cdb11.MOBGYQ6BEZEUPFN6.SEARCH&ppt=None&ppn=None&ssid=9vnonbv8ao0000001738755679334
"MOTOROLA g35 5G (Guava Red, 128 GB)","? 9,999",https://www.flipkart.com/motorola-g35-5g-guava-red-128-gb/p/itm39bba58f6cdfc?pid=MOBH3YGPWZZB9ZZK&lid=LSTMOBH3YGPWZZB9ZZKFWIZWR&marketplace=FLIPKART&store=tyy%2F4io&srno=b_6_137&otracker=browse&fm=organic&iid=4aaceb14-8425-481e-b1b7-94791a5cdb11.MOBH3YGPWZZB9ZZK.SEARCH&ppt=None&ppn=None&ssid=9vnonbv8ao0000001738755679334
"Apple iPhone 16 (Teal, 128 GB)","? 74,900",https://www.flipkart.com/apple-iphone-16-teal-128-gb/p/itmce4bb3f55cc2f?pid=MOBH4DQFSY9ETDUU&lid=LSTMOBH4DQFSY9ETDUUX0E7YU&marketplace=FLIPKART&store=tyy%2F4io&srno=b_6_138&otracker=browse&fm=organic&iid=4aaceb14-8425-481e-b1b7-94791a5cdb11.MOBH4DQFSY9ETDUU.SEARCH&ppt=None&ppn=None&ssid=9vnonbv8ao0000001738755679334
"Motorola Edge 50 Pro 5G with 68W Charger (Luxe Lavender, 256 GB)","? 27,999",https://www.flipkart.com/motorola-edge-50-pro-5g-68w-charger-luxe-lavender-256-gb/p/itm3281f9ac32d1a?pid=MOBGXFXYMTKAMPTS&lid=LSTMOBGXFXYMTKAMPTSN2DKRK&marketplace=FLIPKART&store=tyy%2F4io&srno=b_6_139&otracker=browse&fm=organic&iid=4aaceb14-8425-481e-b1b7-94791a5cdb11.MOBGXFXYMTKAMPTS.SEARCH&ppt=None&ppn=None&ssid=9vnonbv8ao0000001738755679334
"MOTOROLA Edge 50 (Koala Grey, 256 GB)","? 23,999",https://www.flipkart.com/motorola-edge-50-koala-grey-256-gb/p/itm31f5f025267eb?pid=MOBH2Q5YDBQAZEZ5&lid=LSTMOBH2Q5YDBQAZEZ5NJN25F&marketplace=FLIPKART&store=tyy%2F4io&srno=b_6_140&otracker=browse&fm=organic&iid=4aaceb14-8425-481e-b1b7-94791a5cdb11.MOBH2Q5YDBQAZEZ5.SEARCH&ppt=None&ppn=None&ssid=9vnonbv8ao0000001738755679334
"OnePlus Nord CE 3 Lite 5G (Pastel Lime, 128 GB)","? 15,583",https://www.flipkart.com/oneplus-nord-ce-3-lite-5g-pastel-lime-128-gb/p/itm2cd5a4e659035?pid=MOBGZJ3WM5SGTGVZ&lid=LSTMOBGZJ3WM5SGTGVZKIFVYT&marketplace=FLIPKART&store=tyy%2F4io&srno=b_6_141&otracker=browse&fm=organic&iid=4aaceb14-8425-481e-b1b7-94791a5cdb11.MOBGZJ3WM5SGTGVZ.SEARCH&ppt=None&ppn=None&ssid=9vnonbv8ao0000001738755679334
"realme P1 5G (Feather Blue, 256 GB)","? 18,999",https://www.flipkart.com/realme-p1-5g-feather-blue-256-gb/p/itmae4447062b5b5?pid=MOBH4GSK9KY3PHFY&lid=LSTMOBH4GSK9KY3PHFYXNBGLF&marketplace=FLIPKART&store=tyy%2F4io&srno=b_6_142&otracker=browse&fm=organic&iid=4aaceb14-8425-481e-b1b7-94791a5cdb11.MOBH4GSK9KY3PHFY.SEARCH&ppt=None&ppn=None&ssid=9vnonbv8ao0000001738755679334
"Apple iPhone 16 Plus (White, 256 GB)","? 94,900",https://www.flipkart.com/apple-iphone-16-plus-white-256-gb/p/itm0635ebbf8c665?pid=MOBH4DQFJBVD9HXR&lid=LSTMOBH4DQFJBVD9HXRID41K3&marketplace=FLIPKART&store=tyy%2F4io&srno=b_6_143&otracker=browse&fm=organic&iid=4aaceb14-8425-481e-b1b7-94791a5cdb11.MOBH4DQFJBVD9HXR.SEARCH&ppt=None&ppn=None&ssid=9vnonbv8ao0000001738755679334
"REDMI 13 5G (Black Diamond, 128 GB)","? 13,299",https://www.flipkart.com/redmi-13-5g-black-diamond-128-gb/p/itmde242bdffbf34?pid=MOBH2SU8G4RW85RG&lid=LSTMOBH2SU8G4RW85RGANHVZO&marketplace=FLIPKART&store=tyy%2F4io&srno=b_6_144&otracker=browse&fm=organic&iid=4aaceb14-8425-481e-b1b7-94791a5cdb11.MOBH2SU8G4RW85RG.SEARCH&ppt=None&ppn=None&ssid=9vnonbv8ao0000001738755679334
"SAMSUNG Galaxy S25 5G (Icyblue, 256 GB)","? 80,999",https://www.flipkart.com/samsung-galaxy-s25-5g-icyblue-256-gb/p/itm859ebd4b08d31?pid=MOBH8K8UA9ZHYYXG&lid=LSTMOBH8K8UA9ZHYYXGQKCNAJ&marketplace=FLIPKART&store=tyy%2F4io&srno=b_7_145&otracker=browse&fm=organic&iid=en_3c5cSpE9yamwtsrzRacX4BIRvUgMdOCIOxHk2wvv5H1TN93pSHvlB5Gv4-AY4SJQiQuIJB16fYy9_-sbkJY7M_UFjCTyOHoHZs-Z5_PS_w0%3D&ppt=None&ppn=None&ssid=iti4oxceog0000001738755679881
"SAMSUNG Galaxy M35 5G (Thunder Grey, 128 GB)","? 14,990",https://www.flipkart.com/samsung-galaxy-m35-5g-thunder-grey-128-gb/p/itm94360d23ec184?pid=MOBH2Z9HJYYQBFGD&lid=LSTMOBH2Z9HJYYQBFGDJNNGYL&marketplace=FLIPKART&store=tyy%2F4io&srno=b_7_146&otracker=browse&fm=organic&iid=faaef16d-f5dc-45f2-ba59-1cd6f9270e55.MOBH2Z9HJYYQBFGD.SEARCH&ppt=None&ppn=None&ssid=iti4oxceog0000001738755679881
"SAMSUNG Galaxy S25 Ultra 5G (Titanium Whitesilver, 512 GB)","? 1,29,999",https://www.flipkart.com/samsung-galaxy-s25-ultra-5g-titanium-whitesilver-512-gb/p/itm28d4275302a07?pid=MOBH8K8URFQT737M&lid=LSTMOBH8K8URFQT737MZHYHWJ&marketplace=FLIPKART&store=tyy%2F4io&srno=b_7_147&otracker=browse&fm=organic&iid=en_3c5cSpE9yamwtsrzRacX4BIRvUgMdOCIOxHk2wvv5H1MdtD8yIuhTR6MDYTCfmXj0H6L6xPBVfCssG0mIB5Q9fUFjCTyOHoHZs-Z5_PS_w0%3D&ppt=None&ppn=None&ssid=iti4oxceog0000001738755679881
"SAMSUNG Galaxy S25 5G (Silver Shadow, 256 GB)","? 80,999",https://www.flipkart.com/samsung-galaxy-s25-5g-silver-shadow-256-gb/p/itmab25415a98d9f?pid=MOBH8K8UH9XHPVGQ&lid=LSTMOBH8K8UH9XHPVGQEUE4JY&marketplace=FLIPKART&store=tyy%2F4io&srno=b_7_148&otracker=browse&fm=organic&iid=en_3c5cSpE9yamwtsrzRacX4BIRvUgMdOCIOxHk2wvv5H3zZFwuOtijXlLeu8bvU3MkTI5bUlFuMmION0DFNBpvv_UFjCTyOHoHZs-Z5_PS_w0%3D&ppt=None&ppn=None&ssid=iti4oxceog0000001738755679881
"IQOO Z9s 5G (Onyx Green, 128 GB)","? 19,420",https://www.flipkart.com/iqoo-z9s-5g-onyx-green-128-gb/p/itmd0cd60e21a46f?pid=MOBH46H9EUYA54HN&lid=LSTMOBH46H9EUYA54HNXQFIPH&marketplace=FLIPKART&store=tyy%2F4io&srno=b_7_149&otracker=browse&fm=organic&iid=faaef16d-f5dc-45f2-ba59-1cd6f9270e55.MOBH46H9EUYA54HN.SEARCH&ppt=None&ppn=None&ssid=iti4oxceog0000001738755679881
"SAMSUNG Galaxy M35 5G (Moonlight Blue, 256 GB)","? 23,391",https://www.flipkart.com/samsung-galaxy-m35-5g-moonlight-blue-256-gb/p/itm94360d23ec184?pid=MOBH2Z9TF9G5D5AV&lid=LSTMOBH2Z9TF9G5D5AVVCAGWS&marketplace=FLIPKART&store=tyy%2F4io&srno=b_7_150&otracker=browse&fm=organic&iid=faaef16d-f5dc-45f2-ba59-1cd6f9270e55.MOBH2Z9TF9G5D5AV.SEARCH&ppt=None&ppn=None&ssid=iti4oxceog0000001738755679881
"SAMSUNG Galaxy S25 Ultra 5G (Titanium Black, 512 GB)","? 1,29,999",https://www.flipkart.com/samsung-galaxy-s25-ultra-5g-titanium-black-512-gb/p/itm09d676ceb930d?pid=MOBH8K8UZPUKTTXK&lid=LSTMOBH8K8UZPUKTTXKDDLTOJ&marketplace=FLIPKART&store=tyy%2F4io&srno=b_7_151&otracker=browse&fm=organic&iid=en_3c5cSpE9yamwtsrzRacX4BIRvUgMdOCIOxHk2wvv5H0kEeBCoWm72W_OybxRUtT9I-8uMTA3K27VQ8IhDm_ZVPUFjCTyOHoHZs-Z5_PS_w0%3D&ppt=None&ppn=None&ssid=iti4oxceog0000001738755679881
"SAMSUNG Galaxy S25 5G (Mint, 256 GB)","? 80,999",https://www.flipkart.com/samsung-galaxy-s25-5g-mint-256-gb/p/itm2196514814ed7?pid=MOBH8K8UQ5RYGUPF&lid=LSTMOBH8K8UQ5RYGUPFAUX9LE&marketplace=FLIPKART&store=tyy%2F4io&srno=b_7_152&otracker=browse&fm=organic&iid=en_3c5cSpE9yamwtsrzRacX4BIRvUgMdOCIOxHk2wvv5H0JioPlXqFVCsgMcNLCJumoDvx8uZoPOkx3g2HVYDFUPfUFjCTyOHoHZs-Z5_PS_w0%3D&ppt=None&ppn=None&ssid=iti4oxceog0000001738755679881
"realme P1 5G (Feather Blue, 128 GB)","? 13,999",https://www.flipkart.com/realme-p1-5g-feather-blue-128-gb/p/itmae4447062b5b5?pid=MOBH4GSKATGPQSAU&lid=LSTMOBH4GSKATGPQSAUZMG5RH&marketplace=FLIPKART&store=tyy%2F4io&srno=b_7_153&otracker=browse&fm=organic&iid=faaef16d-f5dc-45f2-ba59-1cd6f9270e55.MOBH4GSKATGPQSAU.SEARCH&ppt=None&ppn=None&ssid=iti4oxceog0000001738755679881
"Nokia 105 Single SIM, Keypad Mobile Phone with Wireless FM Radio","? 1,179",https://www.flipkart.com/nokia-105-single-sim-keypad-mobile-phone-wireless-fm-radio/p/itm1e2206f816463?pid=MOBGQFVG9WPRN3TH&lid=LSTMOBGQFVG9WPRN3THQXALSS&marketplace=FLIPKART&store=tyy%2F4io&srno=b_7_154&otracker=browse&fm=organic&iid=faaef16d-f5dc-45f2-ba59-1cd6f9270e55.MOBGQFVG9WPRN3TH.SEARCH&ppt=None&ppn=None&ssid=iti4oxceog0000001738755679881
"SAMSUNG Galaxy S25 Ultra 5G (Titanium Silverblue, 512 GB)","? 1,29,999",https://www.flipkart.com/samsung-galaxy-s25-ultra-5g-titanium-silverblue-512-gb/p/itm7d0e1ef71672e?pid=MOBH8K8UVQCSQE3Z&lid=LSTMOBH8K8UVQCSQE3Z5XVS59&marketplace=FLIPKART&store=tyy%2F4io&srno=b_7_155&otracker=browse&fm=organic&iid=en_3c5cSpE9yamwtsrzRacX4BIRvUgMdOCIOxHk2wvv5H2rA11d23L6vNtgqywyW5TXQdGoABUJEqDvO5woqoaixfUFjCTyOHoHZs-Z5_PS_w0%3D&ppt=None&ppn=None&ssid=iti4oxceog0000001738755679881
"SAMSUNG Galaxy M35 5G (DayBreak Blue, 128 GB)","? 18,449",https://www.flipkart.com/samsung-galaxy-m35-5g-daybreak-blue-128-gb/p/itm94360d23ec184?pid=MOBH2Z9MJ2WWJZYH&lid=LSTMOBH2Z9MJ2WWJZYH5QCUBR&marketplace=FLIPKART&store=tyy%2F4io&srno=b_7_156&otracker=browse&fm=organic&iid=faaef16d-f5dc-45f2-ba59-1cd6f9270e55.MOBH2Z9MJ2WWJZYH.SEARCH&ppt=None&ppn=None&ssid=iti4oxceog0000001738755679881
"SAMSUNG Galaxy S25 Plus 5G (Navy, 512 GB)","? 99,999",https://www.flipkart.com/samsung-galaxy-s25-plus-5g-navy-512-gb/p/itm88c024d0e31d2?pid=MOBH8K8U246X3MQN&lid=LSTMOBH8K8U246X3MQNF3SC3L&marketplace=FLIPKART&store=tyy%2F4io&srno=b_7_157&otracker=browse&fm=organic&iid=en_3c5cSpE9yamwtsrzRacX4BIRvUgMdOCIOxHk2wvv5H0yLLjFPjNpDEt5RTCDT2Lt00XtwS95ZiczXj-JEY-h-vUFjCTyOHoHZs-Z5_PS_w0%3D&ppt=None&ppn=None&ssid=iti4oxceog0000001738755679881
"REDMI A4 5G only on Jio SIM (Starry Black, 128 GB)","? 9,777",https://www.flipkart.com/redmi-a4-5g-only-jio-sim-starry-black-128-gb/p/itmf6a8b6a3d4395?pid=MOBH6YHD5HTVZZHK&lid=LSTMOBH6YHD5HTVZZHKS4RUF6&marketplace=FLIPKART&store=tyy%2F4io&srno=b_7_158&otracker=browse&fm=organic&iid=faaef16d-f5dc-45f2-ba59-1cd6f9270e55.MOBH6YHD5HTVZZHK.SEARCH&ppt=None&ppn=None&ssid=iti4oxceog0000001738755679881
"SAMSUNG Galaxy S24+ 5G (Onyx Black, 256 GB)","? 67,999",https://www.flipkart.com/samsung-galaxy-s24-5g-onyx-black-256-gb/p/itm325da4a26d7bb?pid=MOBGX2F3HVJYNHUV&lid=LSTMOBGX2F3HVJYNHUVP4L3WU&marketplace=FLIPKART&store=tyy%2F4io&srno=b_7_159&otracker=browse&fm=organic&iid=faaef16d-f5dc-45f2-ba59-1cd6f9270e55.MOBGX2F3HVJYNHUV.SEARCH&ppt=None&ppn=None&ssid=iti4oxceog0000001738755679881
"Apple iPhone 16 Plus (Pink, 512 GB)","? 1,14,900",https://www.flipkart.com/apple-iphone-16-plus-pink-512-gb/p/itmc2e910b4d0b1c?pid=MOBH4DQFGNVUBH9G&lid=LSTMOBH4DQFGNVUBH9GKUFBHE&marketplace=FLIPKART&store=tyy%2F4io&srno=b_7_160&otracker=browse&fm=organic&iid=faaef16d-f5dc-45f2-ba59-1cd6f9270e55.MOBH4DQFGNVUBH9G.SEARCH&ppt=None&ppn=None&ssid=iti4oxceog0000001738755679881
"Nokia 130 Music Dual Sim, Music Player, Wireless FM Radio and Dedicated Buttons","? 1,856",https://www.flipkart.com/nokia-130-music-dual-sim-player-wireless-fm-radio-dedicated-buttons/p/itm1f311acb971b0?pid=MOBGSFECGGXAPF5B&lid=LSTMOBGSFECGGXAPF5BBWGANA&marketplace=FLIPKART&store=tyy%2F4io&srno=b_7_161&otracker=browse&fm=organic&iid=faaef16d-f5dc-45f2-ba59-1cd6f9270e55.MOBGSFECGGXAPF5B.SEARCH&ppt=None&ppn=None&ssid=iti4oxceog0000001738755679881
"vivo T3 Ultra (Frost Green, 256 GB)","? 31,999",https://www.flipkart.com/vivo-t3-ultra-frost-green-256-gb/p/itme360ff5b7dbab?pid=MOBH4EACZ7SACMMM&lid=LSTMOBH4EACZ7SACMMMONRTVB&marketplace=FLIPKART&store=tyy%2F4io&srno=b_7_162&otracker=browse&fm=organic&iid=faaef16d-f5dc-45f2-ba59-1cd6f9270e55.MOBH4EACZ7SACMMM.SEARCH&ppt=None&ppn=None&ssid=iti4oxceog0000001738755679881
"SAMSUNG Galaxy S24+ 5G (Cobalt Violet, 256 GB)","? 67,999",https://www.flipkart.com/samsung-galaxy-s24-5g-cobalt-violet-256-gb/p/itm46fc37ddc7255?pid=MOBGX2F3GDX7QYFT&lid=LSTMOBGX2F3GDX7QYFTDDMJ7Z&marketplace=FLIPKART&store=tyy%2F4io&srno=b_7_163&otracker=browse&fm=organic&iid=faaef16d-f5dc-45f2-ba59-1cd6f9270e55.MOBGX2F3GDX7QYFT.SEARCH&ppt=None&ppn=None&ssid=iti4oxceog0000001738755679881
"vivo T3 Ultra (Lunar Gray, 128 GB)","? 29,999",https://www.flipkart.com/vivo-t3-ultra-lunar-gray-128-gb/p/itme360ff5b7dbab?pid=MOBH4EADEDFW9BBK&lid=LSTMOBH4EADEDFW9BBKUIQD7L&marketplace=FLIPKART&store=tyy%2F4io&srno=b_7_164&otracker=browse&fm=organic&iid=faaef16d-f5dc-45f2-ba59-1cd6f9270e55.MOBH4EADEDFW9BBK.SEARCH&ppt=None&ppn=None&ssid=iti4oxceog0000001738755679881
"Apple iPhone 15 (Pink, 256 GB)","? 69,999",https://www.flipkart.com/apple-iphone-15-pink-256-gb/p/itm7579ed94ca647?pid=MOBGTAGPFDXBQ9BH&lid=LSTMOBGTAGPFDXBQ9BHQXXTMI&marketplace=FLIPKART&store=tyy%2F4io&srno=b_7_165&otracker=browse&fm=organic&iid=faaef16d-f5dc-45f2-ba59-1cd6f9270e55.MOBGTAGPFDXBQ9BH.SEARCH&ppt=None&ppn=None&ssid=iti4oxceog0000001738755679881
"realme P2 Pro 5G (Parrot Green, 128 GB)","? 19,999",https://www.flipkart.com/realme-p2-pro-5g-parrot-green-128-gb/p/itm53d39fff9f20c?pid=MOBH45GSFFNCGSGR&lid=LSTMOBH45GSFFNCGSGRZYQX51&marketplace=FLIPKART&store=tyy%2F4io&srno=b_7_166&otracker=browse&fm=organic&iid=faaef16d-f5dc-45f2-ba59-1cd6f9270e55.MOBH45GSFFNCGSGR.SEARCH&ppt=None&ppn=None&ssid=iti4oxceog0000001738755679881
"realme P2 Pro 5G (Eagle Grey, 256 GB)","? 21,999",https://www.flipkart.com/realme-p2-pro-5g-eagle-grey-256-gb/p/itm53d39fff9f20c?pid=MOBH45GSXBJFBGRK&lid=LSTMOBH45GSXBJFBGRKSXG77A&marketplace=FLIPKART&store=tyy%2F4io&srno=b_7_167&otracker=browse&fm=organic&iid=faaef16d-f5dc-45f2-ba59-1cd6f9270e55.MOBH45GSXBJFBGRK.SEARCH&ppt=None&ppn=None&ssid=iti4oxceog0000001738755679881
"vivo T3 Ultra (Frost Green, 128 GB)","? 29,999",https://www.flipkart.com/vivo-t3-ultra-frost-green-128-gb/p/itme360ff5b7dbab?pid=MOBH4EACPTFX6RNH&lid=LSTMOBH4EACPTFX6RNHWNMW9H&marketplace=FLIPKART&store=tyy%2F4io&srno=b_7_168&otracker=browse&fm=organic&iid=faaef16d-f5dc-45f2-ba59-1cd6f9270e55.MOBH4EACPTFX6RNH.SEARCH&ppt=None&ppn=None&ssid=iti4oxceog0000001738755679881
